date,areaName,newCasesByPublishDate,cumCasesByPublishDate,newAdmissions,cumAdmissions,hospitalCases,covidOccupiedMVBeds,newTestsByPublishDate,cumTestsByPublishDate,newDeaths28DaysByPublishDate,cumDeaths28DaysByPublishDate,cumDeaths28DaysByPublishDateRate,newDeaths28DaysByDeathDate,cumDeaths28DaysByDeathDate,cumDeaths28DaysByDeathDateRate,cumPeopleVaccinatedFirstDoseByPublishDate,cumPeopleVaccinatedSecondDoseByPublishDate
2020-01-31,United Kingdom,2,2,,,,,,,,,,,,,,
2020-02-01,United Kingdom,0,2,,,,,,,,,,,,,,
2020-02-02,United Kingdom,0,2,,,,,,,,,,,,,,
2020-02-03,United Kingdom,0,2,,,,,,,,,,,,,,
2020-02-04,United Kingdom,0,2,,,,,,,,,,,,,,
2020-02-05,United Kingdom,0,2,,,,,,,,,,,,,,
2020-02-06,United Kingdom,1,3,,,,,,,,,,,,,,
2020-02-07,United Kingdom,0,3,,,,,,,,,,,,,,
2020-02-08,United Kingdom,0,3,,,,,,,,,,,,,,
2020-02-09,United Kingdom,1,4,,,,,,,,,,,,,,
2020-02-10,United Kingdom,4,8,,,,,,,,,,,,,,
2020-02-11,United Kingdom,0,8,,,,,,,,,,,,,,
2020-02-12,United Kingdom,0,8,,,,,,,,,,,,,,
2020-02-13,United Kingdom,1,9,,,,,,,,,,,,,,
2020-02-14,United Kingdom,0,9,,,,,,,,,,,,,,
2020-02-15,United Kingdom,0,9,,,,,,,,,,,,,,
2020-02-16,United Kingdom,0,9,,,,,,,,,,,,,,
2020-02-17,United Kingdom,0,9,,,,,,,,,,,,,,
2020-02-18,United Kingdom,0,9,,,,,,,,,,,,,,
2020-02-19,United Kingdom,0,9,,,,,,,,,,,,,,
2020-02-20,United Kingdom,0,9,,,,,,,,,,,,,,
2020-02-21,United Kingdom,0,9,,,,,,,,,,,,,,
2020-02-22,United Kingdom,0,9,,,,,,,,,,,,,,
2020-02-23,United Kingdom,0,9,,,,,,,,,,,,,,
2020-02-24,United Kingdom,4,13,,,,,,,,,,,,,,
2020-02-25,United Kingdom,0,13,,,,,,,,,,,,,,
2020-02-26,United Kingdom,0,13,,,,,,,,,,,,,,
2020-02-27,United Kingdom,0,13,,,,,,,,,,,,,,
2020-02-28,United Kingdom,6,19,,,,,,,,,,,,,,
2020-02-29,United Kingdom,4,23,,,,,,,,,,,,,,
2020-03-01,United Kingdom,12,35,,,,,,,,,,,,,,
2020-03-02,United Kingdom,5,40,,,,,,,,,,1.0,1.0,,,
2020-03-03,United Kingdom,11,51,,,,,,,,,,2.0,3.0,,,
2020-03-04,United Kingdom,34,85,,,,,,,,,,0.0,3.0,,,
2020-03-05,United Kingdom,29,114,,,,,,,,,,3.0,6.0,,,
2020-03-06,United Kingdom,46,160,,,,,,,1.0,1.0,,0.0,6.0,,,
2020-03-07,United Kingdom,46,206,,,,,,,1.0,2.0,,0.0,6.0,,,
2020-03-08,United Kingdom,65,271,,,,,,,0.0,2.0,,3.0,9.0,,,
2020-03-09,United Kingdom,50,321,,,,,,,1.0,3.0,,5.0,14.0,,,
2020-03-10,United Kingdom,52,373,,,,,,,4.0,7.0,,3.0,17.0,,,
2020-03-11,United Kingdom,83,456,,,,,,,0.0,7.0,,8.0,25.0,,,
2020-03-12,United Kingdom,134,590,,,,,,,2.0,9.0,,13.0,38.0,0.1,,
2020-03-13,United Kingdom,207,797,,,,,,,1.0,10.0,,16.0,54.0,0.1,,
2020-03-14,United Kingdom,264,1061,,,,,,,18.0,29.0,,22.0,76.0,0.1,,
2020-03-15,United Kingdom,330,1391,,,,,,,14.0,43.0,0.1,32.0,108.0,0.2,,
2020-03-16,United Kingdom,152,1543,,,,,,,22.0,65.0,0.1,47.0,155.0,0.2,,
2020-03-17,United Kingdom,407,1950,,,,,,,16.0,82.0,0.1,52.0,207.0,0.3,,
2020-03-18,United Kingdom,676,2626,,,,,,,34.0,116.0,0.2,68.0,275.0,0.4,,
2020-03-19,United Kingdom,643,3269,,,,,,,45.0,162.0,0.2,74.0,349.0,0.5,,
2020-03-20,United Kingdom,714,3983,,,,,,,32.0,194.0,0.3,109.0,458.0,0.7,,
2020-03-21,United Kingdom,1035,5018,,,,,,,58.0,252.0,0.4,130.0,588.0,0.9,,
2020-03-22,United Kingdom,665,5683,,,,,,,36.0,288.0,0.4,164.0,752.0,1.1,,
2020-03-23,United Kingdom,967,6650,1274.0,4882.0,,,,,76.0,364.0,0.5,186.0,938.0,1.4,,
2020-03-24,United Kingdom,1427,8077,1718.0,6600.0,,,,,148.0,512.0,0.8,237.0,1175.0,1.8,,
2020-03-25,United Kingdom,1452,9529,2087.0,8687.0,,,,,191.0,703.0,1.0,303.0,1478.0,2.2,,
2020-03-26,United Kingdom,2129,11658,1929.0,10616.0,,,,,181.0,884.0,1.3,362.0,1840.0,2.7,,
2020-03-27,United Kingdom,2890,14548,2229.0,12845.0,7267.0,,,,288.0,1172.0,1.7,398.0,2238.0,3.3,,
2020-03-28,United Kingdom,2556,17104,2192.0,15037.0,8278.0,,,,292.0,1464.0,2.2,436.0,2674.0,4.0,,
2020-03-29,United Kingdom,2502,19606,2489.0,17526.0,9525.0,,,,212.0,1676.0,2.5,506.0,3180.0,4.7,,
2020-03-30,United Kingdom,2665,22271,3192.0,20718.0,11093.0,,,,374.0,2050.0,3.1,591.0,3771.0,5.6,,
2020-03-31,United Kingdom,3250,25521,2832.0,23550.0,12597.0,,11896.0,155174.0,403.0,2453.0,3.7,661.0,4432.0,6.6,,
2020-04-01,United Kingdom,4567,30088,3567.0,27117.0,13637.0,,11947.0,167237.0,672.0,3125.0,4.7,769.0,5201.0,7.8,,
2020-04-02,United Kingdom,4522,34610,3286.0,30403.0,13875.0,1813.0,13623.0,182352.0,657.0,3782.0,5.6,806.0,6007.0,9.0,,
2020-04-03,United Kingdom,4672,39282,2931.0,33334.0,15546.0,2120.0,14629.0,223578.0,736.0,4518.0,6.7,840.0,6847.0,10.2,,
2020-04-04,United Kingdom,4000,43282,2922.0,36256.0,17502.0,2309.0,16080.0,239658.0,756.0,5274.0,7.9,906.0,7753.0,11.6,,
2020-04-05,United Kingdom,6199,49481,2916.0,39172.0,18855.0,2469.0,13238.0,252896.0,599.0,5873.0,8.8,917.0,8670.0,12.9,,
2020-04-06,United Kingdom,4143,53624,3046.0,42218.0,19493.0,2644.0,13775.0,267303.0,567.0,6440.0,9.6,895.0,9565.0,14.3,,
2020-04-07,United Kingdom,3888,57512,3150.0,45368.0,20234.0,2864.0,14423.0,281726.0,1105.0,7545.0,11.2,999.0,10564.0,15.7,,
2020-04-08,United Kingdom,5865,63377,2967.0,48335.0,20740.0,2967.0,16443.0,298169.0,1030.0,8575.0,12.8,1076.0,11640.0,17.4,,
2020-04-09,United Kingdom,4675,68052,2629.0,50964.0,21005.0,2963.0,19116.0,316836.0,1116.0,9691.0,14.4,1001.0,12641.0,18.8,,
2020-04-10,United Kingdom,5706,73758,2464.0,53428.0,21280.0,3228.0,18091.0,334974.0,1122.0,10813.0,16.1,944.0,13585.0,20.3,,
2020-04-11,United Kingdom,5234,78991,2163.0,55591.0,21254.0,3274.0,18000.0,352974.0,843.0,11656.0,17.4,956.0,14541.0,21.7,,
2020-04-12,United Kingdom,5288,84279,2066.0,57657.0,21687.0,3301.0,14506.0,367667.0,657.0,12313.0,18.4,958.0,15499.0,23.1,,
2020-04-13,United Kingdom,4342,88621,2163.0,59820.0,21308.0,3277.0,14982.0,382650.0,724.0,13037.0,19.4,896.0,16395.0,24.4,,
2020-04-14,United Kingdom,5252,93873,2089.0,61909.0,21281.0,3234.0,15994.0,398916.0,1076.0,14113.0,21.0,857.0,17252.0,25.7,,
2020-04-15,United Kingdom,4605,98476,1880.0,63789.0,20582.0,3228.0,18665.0,417649.0,880.0,14993.0,22.4,878.0,18130.0,27.0,,
2020-04-16,United Kingdom,4618,103093,2011.0,65800.0,20389.0,3222.0,21328.0,438991.0,1036.0,16029.0,23.9,844.0,18974.0,28.3,,
2020-04-17,United Kingdom,5599,108692,1967.0,67767.0,19330.0,3162.0,21389.0,460437.0,913.0,16942.0,25.3,819.0,19793.0,29.5,,
2020-04-18,United Kingdom,5526,114217,1629.0,69396.0,19456.0,3247.0,21626.0,482063.0,1105.0,18047.0,26.9,800.0,20593.0,30.7,,
2020-04-19,United Kingdom,5850,120067,1658.0,71054.0,19574.0,3176.0,19316.0,501379.0,432.0,18479.0,27.5,769.0,21362.0,31.8,,
2020-04-20,United Kingdom,4676,124743,1734.0,72788.0,19331.0,3130.0,17970.0,537121.0,570.0,19049.0,28.4,783.0,22145.0,33.0,,
2020-04-21,United Kingdom,4301,129044,1713.0,74501.0,19139.0,3036.0,22814.0,559935.0,1224.0,20273.0,30.2,745.0,22890.0,34.1,,
2020-04-22,United Kingdom,4451,133495,1530.0,76031.0,18533.0,2964.0,23560.0,583496.0,847.0,21120.0,31.5,731.0,23621.0,35.2,,
2020-04-23,United Kingdom,4583,138078,1514.0,77545.0,17867.0,2867.0,28532.0,612031.0,682.0,21802.0,32.5,678.0,24299.0,36.2,,
2020-04-24,United Kingdom,5386,143464,1525.0,79070.0,17063.0,2703.0,28760.0,640792.0,1010.0,22812.0,34.0,683.0,24982.0,37.2,,
2020-04-25,United Kingdom,4913,148377,1253.0,80323.0,16604.0,2702.0,29058.0,669850.0,815.0,23627.0,35.2,647.0,25629.0,38.2,,
2020-04-26,United Kingdom,4463,152840,1355.0,81678.0,16555.0,2580.0,31610.0,701460.0,364.0,23991.0,35.8,633.0,26262.0,39.1,,
2020-04-27,United Kingdom,4310,157149,1539.0,83217.0,16662.0,2460.0,33287.0,734860.0,320.0,24311.0,36.2,594.0,26856.0,40.0,,
2020-04-28,United Kingdom,3996,161145,1519.0,84736.0,15877.0,2353.0,45505.0,780366.0,969.0,25280.0,37.7,560.0,27416.0,40.9,,
2020-04-29,United Kingdom,4076,165221,1488.0,86224.0,15521.0,2286.0,66793.0,849296.0,769.0,26049.0,38.8,572.0,27988.0,41.7,,
2020-04-30,United Kingdom,6032,171253,1443.0,87667.0,15164.0,2224.0,84215.0,933455.0,634.0,26683.0,39.8,551.0,28539.0,42.5,,
2020-05-01,United Kingdom,6201,177454,1263.0,88930.0,14723.0,2178.0,74893.0,1008348.0,698.0,27381.0,40.8,568.0,29107.0,43.4,,
2020-05-02,United Kingdom,4806,182260,1181.0,90111.0,14380.0,2068.0,63559.0,1071909.0,584.0,27965.0,41.7,494.0,29601.0,44.1,,
2020-05-03,United Kingdom,4339,186599,1188.0,91299.0,14188.0,2009.0,68817.0,1140726.0,253.0,28218.0,42.1,450.0,30051.0,44.8,,
2020-05-04,United Kingdom,3985,190584,1249.0,92548.0,14097.0,1936.0,73068.0,1220764.0,272.0,28490.0,42.5,484.0,30535.0,45.5,,
2020-05-05,United Kingdom,4406,194990,1146.0,93694.0,13723.0,1874.0,67444.0,1283443.0,726.0,29216.0,43.6,465.0,31000.0,46.2,,
2020-05-06,United Kingdom,6111,201101,1206.0,94900.0,13148.0,1802.0,74761.0,1360595.0,647.0,29863.0,44.5,459.0,31459.0,46.9,,
2020-05-07,United Kingdom,5614,206715,1166.0,96066.0,12626.0,1685.0,78912.0,1439506.0,458.0,30321.0,45.2,461.0,31920.0,47.6,,
2020-05-08,United Kingdom,4649,211364,910.0,96976.0,12053.0,1642.0,77892.0,1517402.0,579.0,30900.0,46.1,383.0,32303.0,48.2,,
2020-05-09,United Kingdom,3896,215260,944.0,97920.0,12015.0,1585.0,77202.0,1594604.0,275.0,31175.0,46.5,378.0,32681.0,48.7,,
2020-05-10,United Kingdom,3923,219183,916.0,98836.0,11727.0,1538.0,76942.0,1671546.0,217.0,31392.0,46.8,348.0,33029.0,49.2,,
2020-05-11,United Kingdom,3877,223060,1029.0,99865.0,11967.0,1485.0,70360.0,1741989.0,187.0,31579.0,47.1,309.0,33338.0,49.7,,
2020-05-12,United Kingdom,3403,226463,984.0,100849.0,11591.0,1414.0,74859.0,1816848.0,614.0,32193.0,48.0,321.0,33659.0,50.2,,
2020-05-13,United Kingdom,3242,229705,967.0,101816.0,11342.0,1342.0,83472.0,1901014.0,447.0,32640.0,48.7,317.0,33976.0,50.6,,
2020-05-14,United Kingdom,3446,233151,909.0,102725.0,10921.0,1314.0,85166.0,1986193.0,352.0,32992.0,49.2,334.0,34310.0,51.1,,
2020-05-15,United Kingdom,3560,236711,871.0,103596.0,10691.0,1337.0,93934.0,2082174.0,350.0,33342.0,49.7,314.0,34624.0,51.6,,
2020-05-16,United Kingdom,3451,240161,814.0,104410.0,10238.0,1234.0,93353.0,2175527.0,411.0,33753.0,50.3,314.0,34938.0,52.1,,
2020-05-17,United Kingdom,3562,243723,793.0,105203.0,10199.0,1196.0,82141.0,2257668.0,67.0,33820.0,50.4,267.0,35205.0,52.5,,
2020-05-18,United Kingdom,2684,246406,850.0,106053.0,10231.0,1141.0,72532.0,2330252.0,146.0,33966.0,50.6,293.0,35498.0,52.9,,
2020-05-19,United Kingdom,2412,248818,881.0,106934.0,10013.0,1106.0,88126.0,2410097.0,500.0,34466.0,51.4,275.0,35773.0,53.3,,
2020-05-20,United Kingdom,2472,248293,851.0,107785.0,9563.0,1034.0,87819.0,2497915.0,328.0,34794.0,51.9,268.0,36041.0,53.7,,
2020-05-21,United Kingdom,2615,250908,843.0,108628.0,9293.0,1008.0,107919.0,2605843.0,273.0,35067.0,52.3,238.0,36279.0,54.1,,
2020-05-22,United Kingdom,3287,254195,741.0,109369.0,9184.0,964.0,92143.0,2697987.0,291.0,35358.0,52.7,223.0,36502.0,54.4,,
2020-05-23,United Kingdom,2959,257154,643.0,110012.0,8814.0,928.0,92312.0,2790296.0,220.0,35578.0,53.0,220.0,36722.0,54.7,,
2020-05-24,United Kingdom,2409,259559,587.0,110599.0,8814.0,886.0,59633.0,2849932.0,379.0,35957.0,53.6,196.0,36918.0,55.0,,
2020-05-25,United Kingdom,1625,261184,604.0,111203.0,8836.0,863.0,78478.0,2998370.0,104.0,36061.0,53.8,200.0,37118.0,55.3,,
2020-05-26,United Kingdom,2004,265227,699.0,111902.0,8732.0,847.0,78099.0,3076645.0,131.0,36192.0,54.0,214.0,37332.0,55.7,,
2020-05-27,United Kingdom,2013,267240,713.0,112615.0,8220.0,783.0,83014.0,3159661.0,422.0,36614.0,54.6,197.0,37529.0,55.9,,
2020-05-28,United Kingdom,1887,269127,702.0,113317.0,7907.0,751.0,102734.0,3262396.0,343.0,36957.0,55.1,217.0,37746.0,56.3,,
2020-05-29,United Kingdom,2095,271222,615.0,113932.0,7586.0,719.0,106552.0,3368948.0,274.0,37231.0,55.5,186.0,37932.0,56.5,,
2020-05-30,United Kingdom,2445,272826,568.0,114500.0,7268.0,704.0,97387.0,3466338.0,154.0,37385.0,55.7,163.0,38095.0,56.8,,
2020-05-31,United Kingdom,1936,274762,529.0,115029.0,7238.0,679.0,105434.0,3638278.0,60.0,37445.0,55.8,127.0,38222.0,57.0,,
2020-06-01,United Kingdom,1570,276332,604.0,115633.0,7248.0,652.0,101571.0,3739808.0,86.0,37531.0,55.9,134.0,38356.0,57.2,,
2020-06-02,United Kingdom,1613,277985,668.0,116301.0,7087.0,636.0,129183.0,3869621.0,249.0,37780.0,56.3,168.0,38524.0,57.4,,
2020-06-03,United Kingdom,1871,279856,634.0,116935.0,6815.0,602.0,143443.0,4011931.0,254.0,38034.0,56.7,155.0,38679.0,57.7,,
2020-06-04,United Kingdom,1805,281661,567.0,117502.0,6580.0,571.0,144224.0,4157311.0,130.0,38164.0,56.9,134.0,38813.0,57.9,,
2020-06-05,United Kingdom,1650,283311,475.0,117977.0,6379.0,554.0,145009.0,4304282.0,258.0,38422.0,57.3,123.0,38936.0,58.0,,
2020-06-06,United Kingdom,1557,284868,408.0,118385.0,6149.0,540.0,117581.0,4422335.0,143.0,38565.0,57.5,110.0,39046.0,58.2,,
2020-06-07,United Kingdom,1326,286194,407.0,118792.0,5944.0,515.0,104122.0,4527480.0,54.0,38619.0,57.6,128.0,39174.0,58.4,,
2020-06-08,United Kingdom,1205,287399,413.0,119205.0,5931.0,509.0,98445.0,4662107.0,47.0,38666.0,57.6,125.0,39299.0,58.6,,
2020-06-09,United Kingdom,1387,289140,496.0,119701.0,5736.0,491.0,133102.0,4795468.0,195.0,38861.0,57.9,90.0,39389.0,58.7,,
2020-06-10,United Kingdom,1003,290143,512.0,120213.0,5475.0,439.0,145509.0,4941550.0,164.0,39025.0,58.2,109.0,39498.0,58.9,,
2020-06-11,United Kingdom,1266,291409,446.0,120659.0,5179.0,390.0,149344.0,5092695.0,76.0,39101.0,58.3,80.0,39578.0,59.0,,
2020-06-12,United Kingdom,1541,292950,394.0,121053.0,5090.0,393.0,147099.0,5241174.0,131.0,39232.0,58.5,80.0,39658.0,59.1,,
2020-06-13,United Kingdom,1425,294375,387.0,121440.0,4941.0,390.0,120409.0,5364875.0,107.0,39339.0,58.6,62.0,39720.0,59.2,,
2020-06-14,United Kingdom,1514,295889,365.0,121805.0,4908.0,393.0,83965.0,5449760.0,27.0,39366.0,58.7,86.0,39806.0,59.3,,
2020-06-15,United Kingdom,1056,296857,443.0,122248.0,4870.0,385.0,101337.0,5552801.0,29.0,39395.0,58.7,70.0,39876.0,59.4,,
2020-06-16,United Kingdom,1279,298136,456.0,122704.0,4863.0,378.0,122435.0,5675283.0,120.0,39515.0,58.9,84.0,39960.0,59.6,,
2020-06-17,United Kingdom,1115,299251,433.0,123137.0,4719.0,357.0,131631.0,5808862.0,110.0,39625.0,59.1,59.0,40019.0,59.7,,
2020-06-18,United Kingdom,1218,300469,406.0,123543.0,4560.0,352.0,135854.0,5948476.0,67.0,39692.0,59.2,61.0,40080.0,59.7,,
2020-06-19,United Kingdom,1346,301815,337.0,123880.0,4414.0,330.0,133535.0,6082480.0,84.0,39776.0,59.3,52.0,40132.0,59.8,,
2020-06-20,United Kingdom,1295,303110,257.0,124137.0,4252.0,346.0,117971.0,6201735.0,71.0,39847.0,59.4,60.0,40192.0,59.9,,
2020-06-21,United Kingdom,1221,304331,289.0,124426.0,4222.0,310.0,76514.0,6278432.0,31.0,39878.0,59.4,54.0,40246.0,60.0,,
2020-06-22,United Kingdom,958,305289,395.0,124821.0,4281.0,340.0,102957.0,6384549.0,14.0,39892.0,59.5,64.0,40310.0,60.1,,
2020-06-23,United Kingdom,874,306210,363.0,125184.0,4134.0,311.0,130680.0,6507342.0,94.0,39986.0,59.6,64.0,40374.0,60.2,,
2020-06-24,United Kingdom,653,306862,370.0,125554.0,4030.0,316.0,140303.0,6648415.0,87.0,40073.0,59.7,74.0,40448.0,60.3,,
2020-06-25,United Kingdom,1118,307980,325.0,125879.0,3850.0,276.0,155176.0,6847145.0,99.0,40172.0,59.9,68.0,40516.0,60.4,,
2020-06-26,United Kingdom,1006,309360,339.0,126218.0,3620.0,268.0,144928.0,6992073.0,79.0,40249.0,60.0,41.0,40557.0,60.5,,
2020-06-27,United Kingdom,890,310250,287.0,126505.0,3544.0,270.0,117741.0,7109814.0,40.0,40289.0,60.1,49.0,40606.0,60.5,,
2020-06-28,United Kingdom,901,311151,210.0,126715.0,3557.0,270.0,90229.0,7208646.0,31.0,40320.0,60.1,45.0,40651.0,60.6,,
2020-06-29,United Kingdom,815,311965,221.0,126936.0,3748.0,262.0,105384.0,7331986.0,21.0,40341.0,60.1,39.0,40690.0,60.7,,
2020-06-30,United Kingdom,689,312654,297.0,127233.0,3383.0,279.0,144787.0,7486285.0,53.0,40394.0,60.2,47.0,40737.0,60.7,,
2020-07-01,United Kingdom,829,313483,269.0,127502.0,3198.0,259.0,157131.0,7643831.0,97.0,40491.0,60.4,27.0,40764.0,60.8,,
2020-07-02,United Kingdom,576,283757,217.0,127719.0,3079.0,239.0,169259.0,7812218.0,41.0,40532.0,60.4,43.0,40807.0,60.8,,
2020-07-03,United Kingdom,544,284276,214.0,127933.0,2942.0,231.0,172566.0,7985271.0,50.0,40581.0,60.5,29.0,40836.0,60.9,,
2020-07-04,United Kingdom,624,284900,203.0,128136.0,2802.0,221.0,126100.0,8111677.0,32.0,40613.0,60.5,33.0,40869.0,60.9,,
2020-07-05,United Kingdom,516,285416,197.0,128333.0,2741.0,217.0,97315.0,8210372.0,19.0,40632.0,60.6,27.0,40896.0,61.0,,
2020-07-06,United Kingdom,343,285768,205.0,128538.0,2699.0,209.0,94284.0,8305032.0,11.0,40643.0,60.6,35.0,40931.0,61.0,,
2020-07-07,United Kingdom,581,286349,215.0,128753.0,2598.0,197.0,126238.0,8431626.0,54.0,40697.0,60.7,27.0,40958.0,61.1,,
2020-07-08,United Kingdom,630,286979,209.0,128962.0,2454.0,185.0,153092.0,8584627.0,57.0,40754.0,60.8,24.0,40982.0,61.1,,
2020-07-09,United Kingdom,642,287621,215.0,129177.0,2345.0,188.0,161796.0,8746603.0,31.0,40785.0,60.8,37.0,41019.0,61.1,,
2020-07-10,United Kingdom,512,288133,175.0,129352.0,2244.0,191.0,154864.0,8901570.0,34.0,40819.0,60.9,21.0,41040.0,61.2,,
2020-07-11,United Kingdom,820,288953,178.0,129530.0,2119.0,168.0,134890.0,9036673.0,17.0,40836.0,60.9,21.0,41061.0,61.2,,
2020-07-12,United Kingdom,650,289603,114.0,129644.0,2101.0,159.0,101927.0,9139226.0,9.0,40845.0,60.9,13.0,41074.0,61.2,,
2020-07-13,United Kingdom,530,290133,189.0,129833.0,2113.0,162.0,97403.0,9235686.0,10.0,40855.0,60.9,24.0,41098.0,61.3,,
2020-07-14,United Kingdom,398,291373,188.0,130021.0,1993.0,145.0,132121.0,9368703.0,44.0,40899.0,61.0,21.0,41119.0,61.3,,
2020-07-15,United Kingdom,538,291911,166.0,130187.0,1974.0,153.0,152063.0,9524251.0,26.0,40925.0,61.0,20.0,41139.0,61.3,,
2020-07-16,United Kingdom,642,292552,168.0,130355.0,1829.0,142.0,165966.0,9690514.0,24.0,40949.0,61.0,13.0,41152.0,61.3,,
2020-07-17,United Kingdom,687,293239,144.0,130499.0,1804.0,143.0,177625.0,9868579.0,26.0,40975.0,61.1,18.0,41170.0,61.4,,
2020-07-18,United Kingdom,827,294066,105.0,130604.0,1776.0,137.0,140393.0,10009148.0,9.0,40984.0,61.1,14.0,41184.0,61.4,,
2020-07-19,United Kingdom,726,294792,126.0,130730.0,1742.0,131.0,120968.0,10130116.0,11.0,40995.0,61.1,14.0,41198.0,61.4,,
2020-07-20,United Kingdom,557,295372,131.0,130861.0,1734.0,129.0,101741.0,10232901.0,10.0,41005.0,61.1,12.0,41210.0,61.4,,
2020-07-21,United Kingdom,445,295817,127.0,130988.0,1634.0,137.0,142559.0,10375459.0,25.0,41030.0,61.2,20.0,41230.0,61.5,,
2020-07-22,United Kingdom,560,296377,158.0,131146.0,1747.0,110.0,147595.0,10523054.0,17.0,41047.0,61.2,17.0,41247.0,61.5,,
2020-07-23,United Kingdom,769,297146,203.0,131349.0,1538.0,111.0,152133.0,10675176.0,9.0,41056.0,61.2,16.0,41263.0,61.5,,
2020-07-24,United Kingdom,768,297914,158.0,131507.0,1453.0,104.0,157229.0,10832984.0,32.0,41088.0,61.3,7.0,41270.0,61.5,,
2020-07-25,United Kingdom,767,298681,119.0,131626.0,1401.0,93.0,142954.0,10975936.0,15.0,41103.0,61.3,16.0,41286.0,61.5,,
2020-07-26,United Kingdom,745,299426,109.0,131735.0,1383.0,92.0,113424.0,11095717.0,8.0,41111.0,61.3,16.0,41302.0,61.6,,
2020-07-27,United Kingdom,685,300111,133.0,131868.0,1370.0,97.0,99090.0,11195038.0,3.0,41114.0,61.3,11.0,41313.0,61.6,,
2020-07-28,United Kingdom,581,300692,119.0,131987.0,1369.0,93.0,154946.0,11349983.0,21.0,41135.0,61.3,12.0,41325.0,61.6,,
2020-07-29,United Kingdom,763,301455,132.0,132119.0,1350.0,87.0,165480.0,11515652.0,34.0,41169.0,61.4,12.0,41337.0,61.6,,
2020-07-30,United Kingdom,846,302301,133.0,132252.0,1314.0,84.0,206656.0,11722733.0,0.0,41169.0,61.4,10.0,41347.0,61.6,,
2020-07-31,United Kingdom,880,303181,116.0,132368.0,1266.0,86.0,190220.0,11912950.0,20.0,41189.0,61.4,14.0,41361.0,61.7,,
2020-08-01,United Kingdom,761,303942,127.0,132495.0,1290.0,92.0,162088.0,12075267.0,13.0,41202.0,61.4,11.0,41372.0,61.7,,
2020-08-02,United Kingdom,744,304685,95.0,132590.0,1254.0,85.0,163786.0,12250937.0,5.0,41207.0,61.4,10.0,41382.0,61.7,,
2020-08-03,United Kingdom,898,305623,109.0,132699.0,1251.0,77.0,158666.0,12407146.0,1.0,41208.0,61.4,15.0,41397.0,61.7,,
2020-08-04,United Kingdom,670,306293,130.0,132829.0,1216.0,76.0,163422.0,12571991.0,18.0,41226.0,61.5,14.0,41411.0,61.7,,
2020-08-05,United Kingdom,892,307184,142.0,132971.0,1200.0,73.0,174519.0,12748043.0,14.0,41240.0,61.5,6.0,41417.0,61.7,,
2020-08-06,United Kingdom,950,308134,102.0,133073.0,1155.0,69.0,185980.0,12938980.0,18.0,41258.0,61.5,9.0,41426.0,61.8,,
2020-08-07,United Kingdom,871,309005,117.0,133190.0,1094.0,67.0,181864.0,13121091.0,12.0,41270.0,61.5,12.0,41438.0,61.8,,
2020-08-08,United Kingdom,758,309763,141.0,133331.0,1027.0,62.0,165176.0,13286362.0,3.0,41273.0,61.5,14.0,41452.0,61.8,,
2020-08-09,United Kingdom,1062,310825,108.0,133439.0,983.0,65.0,166207.0,13453361.0,5.0,41278.0,61.5,8.0,41460.0,61.8,,
2020-08-10,United Kingdom,740,311641,89.0,133528.0,1087.0,70.0,164061.0,13618470.0,18.0,41296.0,61.6,13.0,41473.0,61.8,,
2020-08-11,United Kingdom,1148,312789,115.0,133643.0,1039.0,73.0,166311.0,13785297.0,13.0,41309.0,61.6,10.0,41483.0,61.8,,
2020-08-12,United Kingdom,1009,313798,103.0,133746.0,1004.0,80.0,184444.0,13971512.0,20.0,41329.0,61.6,7.0,41490.0,61.9,,
2020-08-13,United Kingdom,1129,314927,130.0,133876.0,1008.0,75.0,169857.0,14142736.0,18.0,41347.0,61.6,9.0,41499.0,61.9,,
2020-08-14,United Kingdom,1441,316367,104.0,133980.0,995.0,73.0,177957.0,14320621.0,11.0,41358.0,61.7,7.0,41506.0,61.9,,
2020-08-15,United Kingdom,1077,317444,99.0,134079.0,974.0,76.0,182987.0,14503645.0,3.0,41361.0,61.7,12.0,41518.0,61.9,,
2020-08-16,United Kingdom,1040,318484,81.0,134160.0,979.0,78.0,169276.0,14674841.0,5.0,41366.0,61.7,4.0,41522.0,61.9,,
2020-08-17,United Kingdom,713,319197,99.0,134259.0,982.0,73.0,150174.0,14825051.0,3.0,41369.0,61.7,12.0,41534.0,61.9,,
2020-08-18,United Kingdom,1089,320286,132.0,134391.0,953.0,73.0,163010.0,14988134.0,12.0,41381.0,61.7,9.0,41543.0,61.9,,
2020-08-19,United Kingdom,812,321098,117.0,134508.0,924.0,70.0,190434.0,15177265.0,16.0,41397.0,61.7,3.0,41546.0,61.9,,
2020-08-20,United Kingdom,1182,322280,98.0,134606.0,909.0,76.0,183933.0,15363416.0,6.0,41403.0,61.7,8.0,41554.0,61.9,,
2020-08-21,United Kingdom,1033,323313,109.0,134715.0,888.0,72.0,191360.0,15554879.0,2.0,41405.0,61.7,7.0,41561.0,62.0,,
2020-08-22,United Kingdom,1288,324601,73.0,134788.0,943.0,71.0,181455.0,15736334.0,18.0,41423.0,61.8,8.0,41569.0,62.0,,
2020-08-23,United Kingdom,1160,325761,75.0,134863.0,870.0,72.0,175209.0,15912155.0,6.0,41429.0,61.8,14.0,41583.0,62.0,,
2020-08-24,United Kingdom,853,326614,93.0,134956.0,876.0,68.0,153393.0,16065561.0,4.0,41433.0,61.8,6.0,41589.0,62.0,,
2020-08-25,United Kingdom,1184,327798,122.0,135078.0,844.0,68.0,186500.0,16273209.0,16.0,41449.0,61.8,12.0,41601.0,62.0,,
2020-08-26,United Kingdom,1048,328846,133.0,135211.0,829.0,64.0,208835.0,16483449.0,16.0,41465.0,61.8,11.0,41612.0,62.0,,
2020-08-27,United Kingdom,1522,330368,154.0,135365.0,840.0,71.0,203416.0,16698964.0,12.0,41477.0,61.8,8.0,41620.0,62.0,,
2020-08-28,United Kingdom,1276,331644,137.0,135502.0,818.0,60.0,197211.0,16896834.0,9.0,41486.0,61.8,10.0,41630.0,62.1,,
2020-08-29,United Kingdom,1108,332752,110.0,135612.0,833.0,66.0,183510.0,17080344.0,12.0,41498.0,61.9,5.0,41635.0,62.1,,
2020-08-30,United Kingdom,1715,334467,77.0,135689.0,831.0,68.0,182065.0,17262409.0,1.0,41499.0,61.9,6.0,41641.0,62.1,,
2020-08-31,United Kingdom,1406,335873,90.0,135779.0,854.0,71.0,181934.0,17444343.0,2.0,41501.0,61.9,9.0,41650.0,62.1,,
2020-09-01,United Kingdom,1295,337168,135.0,135914.0,861.0,82.0,175687.0,17619897.0,3.0,41504.0,61.9,3.0,41653.0,62.1,,
2020-09-02,United Kingdom,1508,338676,147.0,136061.0,803.0,81.0,203221.0,17823349.0,10.0,41514.0,61.9,9.0,41662.0,62.1,,
2020-09-03,United Kingdom,1735,340411,147.0,136208.0,817.0,76.0,206883.0,18031292.0,13.0,41527.0,61.9,10.0,41672.0,62.1,,
2020-09-04,United Kingdom,1940,342351,155.0,136363.0,818.0,69.0,210463.0,18240704.0,10.0,41537.0,61.9,7.0,41679.0,62.1,,
2020-09-05,United Kingdom,1813,344164,131.0,136494.0,812.0,67.0,191588.0,18432292.0,12.0,41549.0,61.9,13.0,41692.0,62.2,,
2020-09-06,United Kingdom,2988,347152,139.0,136633.0,817.0,69.0,189974.0,18625666.0,2.0,41551.0,61.9,8.0,41700.0,62.2,,
2020-09-07,United Kingdom,2948,350100,148.0,136781.0,902.0,77.0,195692.0,18823212.0,3.0,41554.0,61.9,15.0,41715.0,62.2,,
2020-09-08,United Kingdom,2460,352560,188.0,136969.0,894.0,80.0,209609.0,19060505.0,32.0,41586.0,62.0,9.0,41724.0,62.2,,
2020-09-09,United Kingdom,2659,355219,204.0,137173.0,924.0,80.0,227465.0,19293329.0,8.0,41594.0,62.0,9.0,41733.0,62.2,,
2020-09-10,United Kingdom,2919,358138,220.0,137393.0,944.0,78.0,240312.0,19542389.0,14.0,41608.0,62.0,13.0,41746.0,62.2,,
2020-09-11,United Kingdom,3539,361677,232.0,137625.0,770.0,143.0,250839.0,19832981.0,6.0,41614.0,62.0,13.0,41759.0,62.3,,
2020-09-12,United Kingdom,3497,365174,219.0,137844.0,812.0,86.0,231969.0,20064950.0,9.0,41623.0,62.0,18.0,41777.0,62.3,,
2020-09-13,United Kingdom,3330,368504,226.0,138070.0,843.0,92.0,227075.0,20292025.0,5.0,41628.0,62.1,16.0,41793.0,62.3,,
2020-09-14,United Kingdom,2621,371125,259.0,138329.0,982.0,105.0,221192.0,20521243.0,9.0,41637.0,62.1,21.0,41814.0,62.3,,
2020-09-15,United Kingdom,3105,374228,272.0,138601.0,1066.0,115.0,288822.0,20811196.0,27.0,41664.0,62.1,18.0,41832.0,62.4,,
2020-09-16,United Kingdom,3991,378219,286.0,138887.0,1106.0,124.0,285296.0,21099610.0,20.0,41684.0,62.1,26.0,41858.0,62.4,,
2020-09-17,United Kingdom,3395,381614,266.0,139153.0,1162.0,127.0,267294.0,21368297.0,21.0,41705.0,62.2,27.0,41885.0,62.4,,
2020-09-18,United Kingdom,4322,385936,263.0,139416.0,1221.0,138.0,289911.0,21659184.0,27.0,41732.0,62.2,24.0,41909.0,62.5,,
2020-09-19,United Kingdom,4422,390358,261.0,139677.0,1300.0,144.0,265697.0,21924881.0,27.0,41759.0,62.3,20.0,41929.0,62.5,,
2020-09-20,United Kingdom,3899,394257,290.0,139967.0,1398.0,165.0,247099.0,22171979.0,18.0,41777.0,62.3,32.0,41961.0,62.6,,
2020-09-21,United Kingdom,4368,398625,373.0,140340.0,1558.0,181.0,218059.0,22390038.0,11.0,41788.0,62.3,27.0,41988.0,62.6,,
2020-09-22,United Kingdom,4926,403551,352.0,140692.0,1636.0,211.0,246359.0,22616796.0,37.0,41825.0,62.3,40.0,42028.0,62.7,,
2020-09-23,United Kingdom,6178,409729,426.0,141118.0,1730.0,228.0,269428.0,22901019.0,37.0,41862.0,62.4,57.0,42085.0,62.7,,
2020-09-24,United Kingdom,6634,416363,425.0,141543.0,1846.0,243.0,274768.0,23188836.0,40.0,41902.0,62.5,35.0,42120.0,62.8,,
2020-09-25,United Kingdom,6874,423236,382.0,141925.0,2020.0,262.0,298718.0,23488976.0,35.0,41937.0,62.5,32.0,42152.0,62.8,,
2020-09-26,United Kingdom,6042,429277,351.0,142276.0,2033.0,261.0,260297.0,23749273.0,34.0,41971.0,62.6,39.0,42191.0,62.9,,
2020-09-27,United Kingdom,5693,434969,344.0,142620.0,2188.0,276.0,267438.0,24016711.0,17.0,41988.0,62.6,47.0,42238.0,63.0,,
2020-09-28,United Kingdom,4044,439013,445.0,143065.0,2399.0,297.0,231923.0,24249112.0,13.0,42001.0,62.6,54.0,42292.0,63.0,,
2020-09-29,United Kingdom,7143,446156,442.0,143507.0,2420.0,314.0,237300.0,24507007.0,71.0,42072.0,62.7,48.0,42340.0,63.1,,
2020-09-30,United Kingdom,7108,453264,452.0,143959.0,2530.0,333.0,261798.0,24771732.0,71.0,42143.0,62.8,57.0,42397.0,63.2,,
2020-10-01,United Kingdom,6914,460178,529.0,144488.0,2592.0,341.0,271552.0,25048460.0,59.0,42202.0,62.9,66.0,42463.0,63.3,,
2020-10-02,United Kingdom,6968,467146,529.0,145017.0,2723.0,369.0,276740.0,25325482.0,66.0,42268.0,63.0,69.0,42532.0,63.4,,
2020-10-03,United Kingdom,12872,480017,533.0,145550.0,2867.0,369.0,288746.0,25614228.0,49.0,42317.0,63.1,67.0,42599.0,63.5,,
2020-10-04,United Kingdom,22961,502978,634.0,146184.0,3056.0,369.0,251623.0,25865851.0,33.0,42350.0,63.1,60.0,42659.0,63.6,,
2020-10-05,United Kingdom,12594,515571,630.0,146814.0,3370.0,393.0,276603.0,26147138.0,19.0,42369.0,63.2,72.0,42731.0,63.7,,
2020-10-06,United Kingdom,14542,530113,725.0,147539.0,3642.0,410.0,265809.0,26417989.0,76.0,42445.0,63.3,71.0,42802.0,63.8,,
2020-10-07,United Kingdom,14162,544275,694.0,148233.0,3893.0,442.0,259544.0,26679020.0,70.0,42515.0,63.4,102.0,42904.0,64.0,,
2020-10-08,United Kingdom,17540,561815,715.0,148948.0,4085.0,436.0,290104.0,26987470.0,77.0,42592.0,63.5,93.0,42997.0,64.1,,
2020-10-09,United Kingdom,13864,575679,709.0,149657.0,4170.0,440.0,302820.0,27290290.0,87.0,42679.0,63.6,79.0,43076.0,64.2,,
2020-10-10,United Kingdom,15166,590844,724.0,150381.0,4358.0,469.0,281976.0,27572265.0,81.0,42760.0,63.7,104.0,43180.0,64.4,,
2020-10-11,United Kingdom,12872,603716,824.0,151205.0,4670.0,477.0,259478.0,27831743.0,65.0,42825.0,63.8,124.0,43304.0,64.6,,
2020-10-12,United Kingdom,13972,617688,889.0,152094.0,4959.0,507.0,222047.0,28055923.0,50.0,42875.0,63.9,113.0,43417.0,64.7,,
2020-10-13,United Kingdom,17234,634920,1031.0,153125.0,5293.0,516.0,268142.0,28371080.0,143.0,43018.0,64.1,111.0,43528.0,64.9,,
2020-10-14,United Kingdom,19724,654644,989.0,154114.0,5598.0,563.0,300523.0,28677578.0,137.0,43155.0,64.3,116.0,43644.0,65.1,,
2020-10-15,United Kingdom,18980,673622,1047.0,155161.0,5933.0,581.0,308856.0,28986852.0,138.0,43293.0,64.5,151.0,43795.0,65.3,,
2020-10-16,United Kingdom,15650,689257,925.0,156086.0,6296.0,592.0,318256.0,29305105.0,136.0,43429.0,64.7,150.0,43945.0,65.5,,
2020-10-17,United Kingdom,16171,705428,1032.0,157118.0,6545.0,614.0,309642.0,29614747.0,150.0,43579.0,65.0,179.0,44124.0,65.8,,
2020-10-18,United Kingdom,16982,722409,1092.0,158210.0,6829.0,630.0,307388.0,29922135.0,67.0,43646.0,65.1,160.0,44284.0,66.0,,
2020-10-19,United Kingdom,18804,741212,1108.0,159318.0,7334.0,658.0,263530.0,30187915.0,80.0,43726.0,65.2,192.0,44476.0,66.3,,
2020-10-20,United Kingdom,21331,762542,1194.0,160512.0,7852.0,698.0,283882.0,30483177.0,241.0,43967.0,65.5,197.0,44673.0,66.6,,
2020-10-21,United Kingdom,26688,789229,1264.0,161776.0,8132.0,712.0,314861.0,30809177.0,191.0,44158.0,65.8,221.0,44894.0,66.9,,
2020-10-22,United Kingdom,21242,810467,1285.0,163061.0,8311.0,708.0,343912.0,31158002.0,189.0,44347.0,66.1,236.0,45130.0,67.3,,
2020-10-23,United Kingdom,20530,830998,1299.0,164360.0,8886.0,744.0,351736.0,31510174.0,224.0,44571.0,66.4,223.0,45353.0,67.6,,
2020-10-24,United Kingdom,23012,854010,1263.0,165623.0,9262.0,788.0,319359.0,31829533.0,174.0,44745.0,66.7,213.0,45566.0,67.9,,
2020-10-25,United Kingdom,19790,873800,1427.0,167050.0,9786.0,828.0,321736.0,32151269.0,151.0,44896.0,66.9,251.0,45817.0,68.3,,
2020-10-26,United Kingdom,20890,894690,1542.0,168592.0,10108.0,853.0,264350.0,32418116.0,102.0,44998.0,67.1,280.0,46097.0,68.7,,
2020-10-27,United Kingdom,22885,917575,1500.0,170092.0,10938.0,903.0,311135.0,32745958.0,367.0,45365.0,67.6,266.0,46363.0,69.1,,
2020-10-28,United Kingdom,24701,942275,1494.0,171586.0,11434.0,957.0,343822.0,33089920.0,310.0,45675.0,68.1,287.0,46650.0,69.5,,
2020-10-29,United Kingdom,23065,965340,1592.0,173178.0,11583.0,974.0,378085.0,33470305.0,280.0,45955.0,68.5,313.0,46963.0,70.0,,
2020-10-30,United Kingdom,24405,989745,1387.0,174565.0,11788.0,979.0,330237.0,33804186.0,274.0,46229.0,68.9,339.0,47302.0,70.5,,
2020-10-31,United Kingdom,21915,1011660,1463.0,176028.0,12310.0,1003.0,308232.0,34115308.0,326.0,46555.0,69.4,321.0,47623.0,71.0,,
2020-11-01,United Kingdom,23254,1034914,1498.0,177526.0,12230.0,979.0,283009.0,34400232.0,162.0,46717.0,69.6,359.0,47982.0,71.5,,
2020-11-02,United Kingdom,18950,1053864,1576.0,179102.0,13105.0,1075.0,219321.0,34634563.0,136.0,46853.0,69.8,338.0,48320.0,72.0,,
2020-11-03,United Kingdom,20018,1073882,1528.0,180630.0,13749.0,1144.0,275486.0,34921190.0,397.0,47250.0,70.4,361.0,48681.0,72.6,,
2020-11-04,United Kingdom,25177,1099059,1690.0,182320.0,13817.0,1193.0,308672.0,35241972.0,492.0,47742.0,71.2,329.0,49010.0,73.1,,
2020-11-05,United Kingdom,24141,1123197,1592.0,183912.0,13796.0,1183.0,355551.0,35601139.0,378.0,48120.0,71.7,380.0,49390.0,73.6,,
2020-11-06,United Kingdom,23287,1146484,1418.0,185330.0,13958.0,1187.0,362649.0,35963880.0,355.0,48475.0,72.3,401.0,49791.0,74.2,,
2020-11-07,United Kingdom,24957,1171441,1560.0,186890.0,14314.0,1207.0,332529.0,36296688.0,413.0,48888.0,72.9,392.0,50183.0,74.8,,
2020-11-08,United Kingdom,20572,1192013,1693.0,188583.0,14546.0,1232.0,286364.0,36586108.0,156.0,49044.0,73.1,415.0,50598.0,75.4,,
2020-11-09,United Kingdom,21350,1213363,1768.0,190351.0,15141.0,1271.0,250291.0,36837247.0,194.0,49238.0,73.4,482.0,51080.0,76.1,,
2020-11-10,United Kingdom,20412,1233775,1856.0,192207.0,14964.0,1219.0,310141.0,37147111.0,532.0,49770.0,74.2,391.0,51471.0,76.7,,
2020-11-11,United Kingdom,22950,1256725,1973.0,194180.0,15666.0,1268.0,381643.0,37533659.0,595.0,50365.0,75.1,391.0,51862.0,77.3,,
2020-11-12,United Kingdom,33470,1290195,1917.0,196097.0,15879.0,1275.0,383999.0,37918526.0,563.0,50928.0,75.9,421.0,52283.0,77.9,,
2020-11-13,United Kingdom,27301,1317496,1651.0,197748.0,16236.0,1355.0,385916.0,38304556.0,376.0,51304.0,76.5,436.0,52719.0,78.6,,
2020-11-14,United Kingdom,26860,1344356,1617.0,199365.0,16299.0,1365.0,344679.0,38649342.0,462.0,51766.0,77.2,431.0,53150.0,79.2,,
2020-11-15,United Kingdom,24962,1369318,1675.0,201040.0,16864.0,1397.0,284662.0,38932715.0,168.0,51934.0,77.4,454.0,53604.0,79.9,,
2020-11-16,United Kingdom,21363,1390681,1772.0,202812.0,17313.0,1391.0,236629.0,39188326.0,213.0,52147.0,77.7,423.0,54027.0,80.5,,
2020-11-17,United Kingdom,20051,1410732,1719.0,204531.0,17439.0,1420.0,286546.0,39480052.0,598.0,52745.0,78.6,440.0,54467.0,81.2,,
2020-11-18,United Kingdom,19609,1430341,1788.0,206319.0,17486.0,1430.0,367626.0,39858046.0,529.0,53274.0,79.4,487.0,54954.0,81.9,,
2020-11-19,United Kingdom,22915,1453256,1687.0,208006.0,17459.0,1426.0,399929.0,40266183.0,501.0,53775.0,80.2,462.0,55416.0,82.6,,
2020-11-20,United Kingdom,20252,1473508,1554.0,209560.0,17184.0,1422.0,395881.0,40662145.0,511.0,54286.0,80.9,453.0,55869.0,83.3,,
2020-11-21,United Kingdom,19875,1493383,1462.0,211022.0,17063.0,1447.0,369943.0,41032902.0,341.0,54626.0,81.4,466.0,56335.0,84.0,,
2020-11-22,United Kingdom,18662,1512045,1492.0,212514.0,17264.0,1454.0,279458.0,41316814.0,398.0,55024.0,82.0,475.0,56810.0,84.7,,
2020-11-23,United Kingdom,15450,1527495,1589.0,214103.0,17681.0,1487.0,214920.0,41533643.0,206.0,55230.0,82.3,464.0,57274.0,85.4,,
2020-11-24,United Kingdom,11299,1538794,1499.0,215602.0,17424.0,1489.0,314800.0,41858783.0,608.0,55838.0,83.2,461.0,57735.0,86.1,,
2020-11-25,United Kingdom,18213,1557007,1614.0,217216.0,17132.0,1480.0,359597.0,42217206.0,696.0,56533.0,84.3,484.0,58219.0,86.8,,
2020-11-26,United Kingdom,17555,1574562,1427.0,218643.0,16762.0,1456.0,387945.0,42605903.0,498.0,57031.0,85.0,434.0,58653.0,87.4,,
2020-11-27,United Kingdom,16022,1589301,1280.0,219923.0,16571.0,1417.0,337481.0,42943654.0,521.0,57551.0,85.8,425.0,59078.0,88.1,,
2020-11-28,United Kingdom,15871,1605172,1221.0,221144.0,15985.0,1378.0,311855.0,43255698.0,479.0,58030.0,86.5,467.0,59545.0,88.8,,
2020-11-29,United Kingdom,12155,1617327,1389.0,222533.0,16313.0,1387.0,220377.0,43479023.0,215.0,58245.0,86.8,465.0,60010.0,89.5,,
2020-11-30,United Kingdom,12330,1629657,1408.0,223941.0,16565.0,1357.0,216509.0,43729581.0,205.0,58448.0,87.1,423.0,60433.0,90.1,,
2020-12-01,United Kingdom,13430,1643086,1494.0,225435.0,16312.0,1351.0,314921.0,44059851.0,603.0,59051.0,88.0,399.0,60832.0,90.7,,
2020-12-02,United Kingdom,16170,1659256,1487.0,226922.0,15977.0,1315.0,356518.0,44416420.0,648.0,59699.0,89.0,386.0,61218.0,91.3,,
2020-12-03,United Kingdom,14879,1674134,1502.0,228424.0,15658.0,1261.0,393216.0,44812139.0,414.0,60113.0,89.6,474.0,61692.0,92.0,,
2020-12-04,United Kingdom,16298,1690432,1432.0,229856.0,15727.0,1274.0,385114.0,45197328.0,504.0,60617.0,90.4,475.0,62167.0,92.7,,
2020-12-05,United Kingdom,15539,1705971,1378.0,231234.0,15688.0,1247.0,356216.0,45553587.0,397.0,61014.0,91.0,395.0,62562.0,93.3,,
2020-12-06,United Kingdom,17272,1723242,1471.0,232705.0,15960.0,1249.0,273122.0,45826753.0,231.0,61245.0,91.3,420.0,62982.0,93.9,,
2020-12-07,United Kingdom,14718,1737960,1663.0,234368.0,16415.0,1271.0,218055.0,46047237.0,189.0,61434.0,91.6,420.0,63402.0,94.5,,
2020-12-08,United Kingdom,12282,1750241,1785.0,236153.0,16477.0,1272.0,297220.0,46344703.0,616.0,62033.0,92.5,435.0,63837.0,95.2,,
2020-12-09,United Kingdom,16578,1766819,1757.0,237910.0,16331.0,1243.0,372446.0,46730999.0,533.0,62566.0,93.3,431.0,64268.0,95.8,,
2020-12-10,United Kingdom,20964,1787783,1754.0,239664.0,16723.0,1267.0,404236.0,47141344.0,516.0,63082.0,94.0,447.0,64715.0,96.5,,
2020-12-11,United Kingdom,21672,1809455,1690.0,241354.0,16885.0,1275.0,395510.0,47536955.0,424.0,63506.0,94.7,453.0,65168.0,97.1,,
2020-12-12,United Kingdom,21502,1830956,1800.0,243154.0,16909.0,1243.0,359457.0,47896431.0,519.0,64026.0,95.4,437.0,65605.0,97.8,,
2020-12-13,United Kingdom,18447,1849403,1754.0,244908.0,17538.0,1281.0,312638.0,48209087.0,144.0,64170.0,95.7,418.0,66023.0,98.4,,
2020-12-14,United Kingdom,20263,1869666,1957.0,246865.0,18246.0,1288.0,277944.0,48488168.0,232.0,64402.0,96.0,479.0,66502.0,99.1,,
2020-12-15,United Kingdom,18450,1888116,1958.0,248823.0,18216.0,1326.0,307039.0,48810250.0,506.0,64908.0,96.8,459.0,66961.0,99.8,,
2020-12-16,United Kingdom,25161,1913277,2084.0,250907.0,18671.0,1340.0,368542.0,49178863.0,613.0,65520.0,97.7,432.0,67393.0,100.5,,
2020-12-17,United Kingdom,35383,1948660,2145.0,253052.0,18970.0,1366.0,378279.0,49579548.0,532.0,66052.0,98.5,538.0,67931.0,101.3,,
2020-12-18,United Kingdom,28507,1977167,1922.0,254974.0,19117.0,1364.0,394152.0,49974714.0,489.0,66541.0,99.2,514.0,68445.0,102.0,,
2020-12-19,United Kingdom,27052,2004219,2044.0,257018.0,19463.0,1412.0,442246.0,50417102.0,534.0,67075.0,100.0,488.0,68933.0,102.8,,
2020-12-20,United Kingdom,35928,2040147,2170.0,259188.0,20004.0,1442.0,433950.0,50851151.0,326.0,67401.0,100.5,506.0,69439.0,103.5,,
2020-12-21,United Kingdom,33364,2073511,2373.0,261561.0,21133.0,1512.0,426132.0,51287243.0,215.0,67616.0,100.8,575.0,70014.0,104.4,,
2020-12-22,United Kingdom,36804,2110314,2482.0,264043.0,21488.0,1529.0,456252.0,51747003.0,691.0,68307.0,101.8,562.0,70576.0,105.2,,
2020-12-23,United Kingdom,39237,2149551,2280.0,266323.0,21222.0,1554.0,512858.0,52259711.0,744.0,69051.0,102.9,565.0,71141.0,106.1,,
2020-12-24,United Kingdom,39877,2189428,2083.0,268406.0,21577.0,1607.0,466273.0,52726413.0,585.0,69636.0,103.8,583.0,71724.0,106.9,,
2020-12-25,United Kingdom,32725,2222153,2181.0,270587.0,20918.0,1616.0,339612.0,53066240.0,613.0,70249.0,104.7,612.0,72336.0,107.8,,
2020-12-26,United Kingdom,35691,2257844,2530.0,273117.0,21730.0,1682.0,270611.0,53337397.0,230.0,70479.0,105.1,654.0,72990.0,108.8,,
2020-12-27,United Kingdom,30501,2288345,2871.0,275988.0,22764.0,1751.0,353290.0,53759458.0,317.0,70796.0,105.5,653.0,73643.0,109.8,,
2020-12-28,United Kingdom,41385,2329730,3134.0,279122.0,24049.0,1847.0,357880.0,54118134.0,357.0,71153.0,106.1,678.0,74321.0,110.8,,
2020-12-29,United Kingdom,53135,2382865,3252.0,282374.0,25549.0,1939.0,347445.0,54467027.0,414.0,71567.0,106.7,656.0,74977.0,111.8,,
2020-12-30,United Kingdom,50023,2432888,3294.0,285668.0,26551.0,2066.0,423582.0,54892984.0,981.0,72548.0,108.1,721.0,75698.0,112.8,,
2020-12-31,United Kingdom,55892,2488780,2921.0,288589.0,26577.0,2122.0,485537.0,55397890.0,964.0,73512.0,109.6,757.0,76455.0,114.0,,
2021-01-01,United Kingdom,53285,2542065,3369.0,291958.0,26389.0,2162.0,423400.0,55822242.0,656.0,74168.0,110.6,748.0,77203.0,115.1,,
2021-01-02,United Kingdom,57725,2599789,3442.0,295400.0,27561.0,2256.0,412073.0,56235124.0,445.0,74613.0,111.2,760.0,77963.0,116.2,,
2021-01-03,United Kingdom,54990,2654779,3649.0,299049.0,29033.0,2420.0,429488.0,56665511.0,455.0,75068.0,111.9,759.0,78722.0,117.4,,
2021-01-04,United Kingdom,58784,2713563,3937.0,302986.0,30775.0,2560.0,466600.0,57144355.0,407.0,75475.0,112.5,840.0,79562.0,118.6,,
2021-01-05,United Kingdom,60916,2774479,4120.0,307106.0,30686.0,2645.0,501324.0,57652433.0,830.0,76305.0,113.8,906.0,80468.0,120.0,,
2021-01-06,United Kingdom,62322,2836801,4392.0,311498.0,31946.0,2821.0,561217.0,58231730.0,1041.0,77346.0,115.3,931.0,81399.0,121.3,,
2021-01-07,United Kingdom,52618,2889419,4296.0,315794.0,32583.0,2929.0,623787.0,58860706.0,1162.0,78508.0,117.0,994.0,82393.0,122.8,,
2021-01-08,United Kingdom,68053,2957472,3999.0,319793.0,33778.0,3098.0,682793.0,59548847.0,1325.0,79833.0,119.0,985.0,83378.0,124.3,,
2021-01-09,United Kingdom,59937,3017409,4130.0,323923.0,34032.0,3145.0,568248.0,60119060.0,1035.0,80868.0,120.6,1020.0,84398.0,125.8,,
2021-01-10,United Kingdom,54940,3072349,3937.0,327860.0,35391.0,3264.0,486449.0,60607893.0,563.0,81431.0,121.4,1095.0,85493.0,127.4,2286572.0,391399.0
2021-01-11,United Kingdom,46169,3118518,4310.0,332170.0,36751.0,3363.0,538869.0,61160735.0,529.0,81960.0,122.2,1129.0,86622.0,129.1,2431648.0,412167.0
2021-01-12,United Kingdom,45533,3164051,4583.0,336753.0,36981.0,3496.0,588144.0,61779630.0,1243.0,83203.0,124.0,1209.0,87831.0,130.9,2639309.0,428232.0
2021-01-13,United Kingdom,47525,3211576,4224.0,340977.0,37487.0,3626.0,632467.0,62430572.0,1564.0,84767.0,126.4,1214.0,89045.0,132.7,2918252.0,437977.0
2021-01-14,United Kingdom,48682,3260258,4105.0,345082.0,37692.0,3672.0,699379.0,63139169.0,1248.0,86015.0,128.2,1227.0,90272.0,134.6,3234946.0,443234.0
2021-01-15,United Kingdom,55761,3316019,3686.0,348768.0,38133.0,3789.0,600853.0,63749114.0,1280.0,87295.0,130.1,1225.0,91497.0,136.4,3576263.0,447442.0
2021-01-16,United Kingdom,41346,3357361,3941.0,352709.0,37715.0,3854.0,492574.0,64251652.0,1295.0,88590.0,132.1,1307.0,92804.0,138.3,3872394.0,450062.0
2021-01-17,United Kingdom,38598,3395959,3750.0,356459.0,38169.0,3871.0,417965.0,64676986.0,671.0,89261.0,133.1,1267.0,94071.0,140.2,4062501.0,452301.0
2021-01-18,United Kingdom,37535,3433494,4066.0,360525.0,39254.0,3916.0,559939.0,65263737.0,599.0,89860.0,134.0,1293.0,95364.0,142.2,4266577.0,456866.0
2021-01-19,United Kingdom,33355,3466849,4161.0,364686.0,38846.0,3947.0,582938.0,65875546.0,1610.0,91470.0,136.4,1359.0,96723.0,144.2,4609740.0,460625.0
2021-01-20,United Kingdom,38905,3505754,4051.0,368737.0,38739.0,3953.0,645050.0,66546047.0,1820.0,93290.0,139.1,1296.0,98019.0,146.1,4973248.0,464036.0
2021-01-21,United Kingdom,37892,3543646,3636.0,372373.0,38059.0,3960.0,668989.0,67231066.0,1290.0,94580.0,141.0,1236.0,99255.0,148.0,5383103.0,466796.0
2021-01-22,United Kingdom,40261,3583907,3395.0,375768.0,38258.0,4076.0,631901.0,67881652.0,1401.0,95981.0,143.1,1244.0,100499.0,149.8,5861351.0,468617.0
2021-01-23,United Kingdom,33552,3617459,3117.0,378885.0,37398.0,4066.0,486425.0,68375044.0,1348.0,97329.0,145.1,1163.0,101662.0,151.6,6353321.0,469660.0
2021-01-24,United Kingdom,30004,3647463,3113.0,381998.0,37730.0,4077.0,412775.0,68794319.0,610.0,97939.0,146.0,1157.0,102819.0,153.3,6573570.0,470478.0
2021-01-25,United Kingdom,22195,3669658,2931.0,384929.0,37756.0,4032.0,546734.0,69359822.0,592.0,98531.0,146.9,1164.0,103983.0,155.0,6853327.0,472446.0
2021-01-26,United Kingdom,20089,3689746,3153.0,388082.0,37101.0,3961.0,646145.0,70037093.0,1631.0,100162.0,149.3,1059.0,105042.0,156.6,7164387.0,474156.0
2021-01-27,United Kingdom,25308,3715054,3060.0,391142.0,35513.0,3937.0,818456.0,70872402.0,1725.0,101887.0,151.9,1111.0,106153.0,158.2,7476765.0,476485.0
2021-01-28,United Kingdom,28680,3743734,3045.0,394187.0,34909.0,3918.0,779459.0,71677362.0,1239.0,103126.0,153.7,1106.0,107259.0,159.9,7891184.0,478254.0
2021-01-29,United Kingdom,29079,3772813,2687.0,396874.0,33847.0,3832.0,679107.0,72375379.0,1245.0,104371.0,155.6,1068.0,108327.0,161.5,8378940.0,480432.0
2021-01-30,United Kingdom,23275,3796088,2471.0,399345.0,33015.0,3806.0,450608.0,72834752.0,1200.0,105571.0,157.4,911.0,109238.0,162.8,8977329.0,491053.0
2021-01-31,United Kingdom,21088,3817176,2409.0,401754.0,32586.0,3687.0,582293.0,73448821.0,587.0,106158.0,158.3,892.0,110130.0,164.2,9296367.0,494209.0
2021-02-01,United Kingdom,18607,3835783,2602.0,404356.0,32960.0,3726.0,655653.0,74132891.0,406.0,106564.0,158.9,891.0,111021.0,165.5,9646715.0,496796.0
2021-02-02,United Kingdom,16840,3852623,2484.0,406840.0,31766.0,3635.0,615320.0,74781954.0,1449.0,108013.0,161.0,849.0,111870.0,166.8,10021471.0,498962.0
2021-02-03,United Kingdom,19202,3871825,2360.0,409200.0,30604.0,3628.0,808835.0,75610452.0,1322.0,109335.0,163.0,857.0,112727.0,168.0,10490487.0,501957.0
2021-02-04,United Kingdom,20634,3892459,2142.0,411342.0,29413.0,3572.0,791837.0,76432166.0,915.0,110250.0,164.4,716.0,113443.0,169.1,10971047.0,505993.0
2021-02-05,United Kingdom,19114,3911573,2006.0,413348.0,28383.0,3505.0,676433.0,77130359.0,1014.0,111264.0,165.9,751.0,114194.0,170.2,11465210.0,510057.0
2021-02-06,United Kingdom,18262,3929835,1894.0,415242.0,26914.0,3373.0,456445.0,77598856.0,828.0,112092.0,167.1,699.0,114893.0,171.3,12015018.0,511719.0
2021-02-07,United Kingdom,15845,3945680,1853.0,417095.0,26800.0,3302.0,587273.0,78206286.0,373.0,112465.0,167.7,635.0,115528.0,172.2,12294006.0,512581.0
2021-02-08,United Kingdom,14104,3959784,1921.0,419016.0,26744.0,3230.0,621134.0,78860651.0,333.0,112798.0,168.2,678.0,116206.0,173.2,12646486.0,516392.0
2021-02-09,United Kingdom,12364,3972148,1755.0,420771.0,25689.0,3164.0,581811.0,79471704.0,1052.0,113850.0,169.7,607.0,116813.0,174.1,13058298.0,519553.0
2021-02-10,United Kingdom,13013,3985161,1726.0,422497.0,24417.0,3132.0,766660.0,80267452.0,1001.0,114851.0,171.2,606.0,117419.0,175.0,13509108.0,524447.0
2021-02-11,United Kingdom,13494,3998655,1681.0,424178.0,23411.0,3036.0,733084.0,81044007.0,678.0,115529.0,172.2,571.0,117990.0,175.9,14012224.0,530094.0
2021-02-12,United Kingdom,15144,4013799,1510.0,425688.0,22324.0,2943.0,631005.0,81697658.0,758.0,116287.0,173.4,528.0,118518.0,176.7,14556827.0,534869.0
2021-02-13,United Kingdom,13308,4027106,1428.0,427116.0,20970.0,2842.0,406615.0,82117428.0,621.0,116908.0,174.3,491.0,119009.0,177.4,15062189.0,537715.0
2021-02-14,United Kingdom,10972,4038078,1536.0,428652.0,21054.0,2851.0,402225.0,82527930.0,258.0,117166.0,174.7,493.0,119502.0,178.1,15300151.0,539630.0
2021-02-15,United Kingdom,9765,4047843,1507.0,430159.0,20994.0,2805.0,459644.0,83011108.0,230.0,117396.0,175.0,518.0,120020.0,178.9,15576107.0,546165.0
2021-02-16,United Kingdom,10625,4058468,1496.0,431655.0,20215.0,2708.0,492124.0,83527818.0,799.0,118195.0,176.2,445.0,120465.0,179.6,15940972.0,558577.0
2021-02-17,United Kingdom,12718,4071185,1414.0,433069.0,19449.0,2614.0,582210.0,84125100.0,738.0,118933.0,177.3,430.0,120895.0,180.2,16423082.0,573724.0
2021-02-18,United Kingdom,12057,4083242,1339.0,434408.0,18522.0,2535.0,565124.0,84710387.0,454.0,119387.0,178.0,415.0,121310.0,180.8,16875536.0,589591.0
2021-02-19,United Kingdom,12027,4095269,1274.0,435682.0,17860.0,2469.0,524487.0,85252719.0,533.0,119920.0,178.8,380.0,121690.0,181.4,17247442.0,604885.0
2021-02-20,United Kingdom,10406,4105675,1095.0,436777.0,17042.0,2358.0,409074.0,85671425.0,445.0,120365.0,179.4,349.0,122039.0,181.9,17582121.0,615148.0
2021-02-21,United Kingdom,9834,4115509,1158.0,437935.0,16857.0,2329.0,591128.0,86272167.0,215.0,120580.0,179.8,325.0,122364.0,182.4,17723840.0,624325.0
2021-02-22,United Kingdom,10641,4126150,1121.0,439056.0,16855.0,2273.0,672823.0,86980542.0,178.0,120757.0,180.0,281.0,122645.0,182.8,17916181.0,642788.0
2021-02-23,United Kingdom,8489,4134639,1123.0,440179.0,16115.0,2149.0,597245.0,87621588.0,548.0,121305.0,180.8,288.0,122933.0,183.3,18242873.0,669105.0
2021-02-24,United Kingdom,9938,4144577,1022.0,441201.0,15534.0,2118.0,743257.0,88387049.0,442.0,121747.0,181.5,274.0,123207.0,183.7,18691835.0,700718.0
2021-02-25,United Kingdom,9985,4154562,969.0,442170.0,14849.0,2047.0,735406.0,89162545.0,323.0,122070.0,182.0,259.0,123466.0,184.1,19177555.0,736037.0
2021-02-26,United Kingdom,8523,4163085,864.0,443034.0,14077.0,1971.0,607740.0,89795203.0,345.0,122415.0,182.5,227.0,123693.0,184.4,19682048.0,768810.0
2021-02-27,United Kingdom,7434,4170519,742.0,443776.0,13269.0,1903.0,384989.0,90192069.0,290.0,122705.0,182.9,229.0,123922.0,184.7,20089551.0,796132.0
2021-02-28,United Kingdom,6035,4176554,771.0,444547.0,12788.0,1783.0,527164.0,90739196.0,144.0,122849.0,183.1,212.0,124134.0,185.1,20275451.0,815816.0
2021-03-01,United Kingdom,5455,4182009,824.0,445371.0,12894.0,1806.0,729638.0,91520691.0,104.0,122953.0,183.3,224.0,124358.0,185.4,20478619.0,844098.0
2021-03-02,United Kingdom,6391,4188400,835.0,446206.0,12139.0,1709.0,677836.0,92253379.0,343.0,123296.0,183.8,182.0,124540.0,185.7,20703615.0,895412.0
2021-03-03,United Kingdom,6385,4194785,714.0,446920.0,11523.0,1647.0,866052.0,93148314.0,315.0,123783.0,184.5,147.0,124687.0,185.9,20982571.0,963862.0
2021-03-04,United Kingdom,6573,4201358,705.0,447625.0,10933.0,1589.0,995486.0,94197029.0,242.0,124025.0,184.9,153.0,124840.0,186.1,21358815.0,1034068.0
2021-03-05,United Kingdom,5947,4207304,602.0,448227.0,10312.0,1542.0,956477.0,95211230.0,236.0,124261.0,185.2,169.0,125009.0,186.4,21796278.0,1090840.0
2021-03-06,United Kingdom,6040,4213343,639.0,448866.0,9711.0,1449.0,453415.0,95695080.0,158.0,124419.0,185.5,153.0,125162.0,186.6,22213112.0,1122402.0
2021-03-07,United Kingdom,5177,4218520,536.0,449402.0,9459.0,1394.0,806390.0,96520517.0,82.0,124501.0,185.6,131.0,125293.0,186.8,22377255.0,1142643.0
2021-03-08,United Kingdom,4712,4223232,577.0,449979.0,9474.0,1356.0,1531641.0,98133566.0,65.0,124566.0,185.7,143.0,125436.0,187.0,22592528.0,1181431.0
2021-03-09,United Kingdom,5766,4228998,579.0,450558.0,9009.0,1292.0,1377124.0,99640760.0,231.0,124797.0,186.0,133.0,125569.0,187.2,22809829.0,1254353.0
2021-03-10,United Kingdom,5926,4234924,567.0,451125.0,8436.0,1236.0,1559527.0,101314223.0,190.0,124987.0,186.3,116.0,125685.0,187.4,23053716.0,1351515.0
2021-03-11,United Kingdom,6753,4241677,552.0,451677.0,8066.0,1192.0,1618359.0,103053938.0,181.0,125168.0,186.6,122.0,125807.0,187.5,23314525.0,1445078.0
2021-03-12,United Kingdom,6609,4248286,483.0,452160.0,7728.0,1110.0,1407405.0,104580789.0,175.0,125343.0,186.9,92.0,125899.0,187.7,23684103.0,1532754.0
2021-03-13,United Kingdom,5534,4253820,463.0,452623.0,7384.0,1087.0,438669.0,105053643.0,121.0,125464.0,187.0,108.0,126007.0,187.8,24196211.0,1584909.0
2021-03-14,United Kingdom,4618,4258438,429.0,453052.0,7316.0,1049.0,965392.0,106046223.0,52.0,125516.0,187.1,94.0,126101.0,188.0,24453221.0,1610280.0
2021-03-15,United Kingdom,5089,4263527,503.0,453555.0,7208.0,1016.0,1576163.0,107731965.0,64.0,125580.0,187.2,91.0,126192.0,188.1,24839906.0,1663646.0
2021-03-16,United Kingdom,5294,4268821,441.0,453996.0,6847.0,968.0,1323002.0,109172920.0,110.0,125690.0,187.4,80.0,126272.0,188.2,25273226.0,1759445.0
2021-03-17,United Kingdom,5758,4274579,446.0,454442.0,6585.0,925.0,1640094.0,110914005.0,141.0,125831.0,187.6,79.0,126351.0,188.4,25735472.0,1879054.0
2021-03-18,United Kingdom,6303,4280882,451.0,454893.0,6150.0,879.0,1441339.0,112493147.0,95.0,125926.0,187.7,58.0,126409.0,188.4,26263732.0,2011070.0
2021-03-19,United Kingdom,4802,4285684,381.0,455274.0,5880.0,830.0,939184.0,113519218.0,101.0,126026.0,187.9,70.0,126479.0,188.5,26878662.0,2136795.0
2021-03-20,United Kingdom,5587,4291271,364.0,455638.0,5567.0,787.0,475092.0,114025973.0,96.0,126122.0,188.0,64.0,126543.0,188.6,27630970.0,2228772.0
2021-03-21,United Kingdom,5312,4296583,358.0,455996.0,5448.0,768.0,1895354.0,115945692.0,33.0,126155.0,188.1,80.0,126623.0,188.8,27997976.0,2281384.0
2021-03-22,United Kingdom,5342,4301925,362.0,456358.0,5431.0,748.0,1196917.0,117279577.0,17.0,126172.0,188.1,66.0,126689.0,188.9,28327873.0,2363684.0
2021-03-23,United Kingdom,5379,4307304,368.0,456726.0,5150.0,711.0,845038.0,118204895.0,112.0,126284.0,188.3,50.0,126739.0,188.9,28653523.0,2532839.0
2021-03-24,United Kingdom,5605,4312908,349.0,457075.0,4880.0,682.0,1818237.0,120074421.0,98.0,126382.0,188.4,40.0,126779.0,189.0,28991188.0,2775481.0
2021-03-25,United Kingdom,6397,4319128,340.0,457415.0,4583.0,630.0,1279174.0,121517399.0,63.0,126445.0,188.5,45.0,126824.0,189.1,29316130.0,3009863.0
2021-03-26,United Kingdom,6187,4325315,299.0,457714.0,4485.0,615.0,725579.0,122279357.0,70.0,126515.0,188.6,48.0,126872.0,189.1,29727435.0,3293517.0
2021-03-27,United Kingdom,4715,4329180,273.0,457987.0,4436.0,594.0,473160.0,122782137.0,58.0,126573.0,188.7,36.0,126908.0,189.2,30151736.0,3532378.0
2021-03-28,United Kingdom,3862,4333042,272.0,458259.0,4185.0,582.0,1644148.0,124452321.0,19.0,126592.0,188.7,34.0,126942.0,189.2,30445284.0,3679972.0
2021-03-29,United Kingdom,4654,4337696,252.0,458511.0,4197.0,583.0,973736.0,125474259.0,23.0,126615.0,188.7,35.0,126977.0,189.3,30682093.0,3848202.0
2021-03-30,United Kingdom,4040,4341736,257.0,458768.0,3976.0,568.0,699719.0,126220810.0,56.0,126670.0,188.8,43.0,127020.0,189.4,30908010.0,4125884.0
2021-03-31,United Kingdom,4052,4345788,269.0,459037.0,3742.0,547.0,1270360.0,127546869.0,43.0,126713.0,188.9,38.0,127058.0,189.4,31147444.0,4513458.0
2021-04-01,United Kingdom,4479,4350266,234.0,459271.0,3557.0,517.0,958137.0,128630083.0,51.0,126764.0,189.0,31.0,127089.0,189.5,31318262.0,4958874.0
2021-04-02,United Kingdom,3402,4353668,238.0,459509.0,3376.0,485.0,556828.0,129250267.0,52.0,126816.0,189.0,28.0,127117.0,189.5,31425682.0,5205505.0
2021-04-03,United Kingdom,3423,4357091,223.0,459732.0,3244.0,478.0,406169.0,129691183.0,10.0,126826.0,189.1,31.0,127148.0,189.5,31533568.0,5384418.0
2021-04-04,United Kingdom,2297,4359388,197.0,459929.0,3229.0,469.0,814071.0,130535073.0,10.0,126836.0,189.1,26.0,127174.0,189.6,31581623.0,5432126.0
2021-04-05,United Kingdom,2762,4362150,239.0,460168.0,3255.0,461.0,741763.0,131407745.0,26.0,126862.0,189.1,17.0,127191.0,189.6,31622367.0,5496716.0
2021-04-06,United Kingdom,2379,4364529,227.0,460395.0,3143.0,453.0,634153.0,132141580.0,20.0,126882.0,189.1,28.0,127219.0,189.6,31707594.0,5683509.0
2021-04-07,United Kingdom,2763,4367291,235.0,460630.0,3019.0,440.0,1039192.0,133233062.0,45.0,126927.0,189.2,29.0,127248.0,189.7,31807124.0,6091905.0
2021-04-08,United Kingdom,3030,4370321,209.0,460839.0,2872.0,421.0,936812.0,134289127.0,53.0,126980.0,189.3,35.0,127283.0,189.7,31903366.0,6541174.0
2021-04-09,United Kingdom,3150,4365461,205.0,461044.0,2793.0,405.0,681297.0,135045740.0,60.0,127040.0,189.4,23.0,127306.0,189.8,32010244.0,6991310.0
2021-04-10,United Kingdom,2589,4368045,189.0,461233.0,2651.0,385.0,483068.0,135566677.0,40.0,127080.0,189.4,24.0,127330.0,189.8,32121353.0,7466540.0
2021-04-11,United Kingdom,1730,4369775,205.0,461438.0,2550.0,385.0,1218552.0,136821861.0,7.0,127087.0,189.5,22.0,127352.0,189.8,32190576.0,7656205.0
2021-04-12,United Kingdom,3568,4373343,209.0,461647.0,2493.0,377.0,877791.0,137848442.0,13.0,127100.0,189.5,27.0,127379.0,189.9,32250481.0,7857396.0
2021-04-13,United Kingdom,2472,4375814,183.0,461830.0,2409.0,370.0,682862.0,138606631.0,23.0,127123.0,189.5,20.0,127399.0,189.9,32326604.0,8170081.0
2021-04-14,United Kingdom,2491,4378305,198.0,462028.0,2295.0,351.0,1168192.0,139824361.0,38.0,127161.0,189.6,17.0,127416.0,189.9,32444439.0,8513864.0
2021-04-15,United Kingdom,2672,4380976,163.0,462191.0,2195.0,329.0,992807.0,140944028.0,30.0,127191.0,189.6,21.0,127437.0,190.0,32574221.0,8931547.0
2021-04-16,United Kingdom,2596,4383732,159.0,462350.0,2140.0,332.0,684189.0,141709073.0,34.0,127225.0,189.7,17.0,127454.0,190.0,32709778.0,9431211.0
2021-04-17,United Kingdom,2206,4385938,159.0,462509.0,2035.0,323.0,493753.0,142240365.0,35.0,127260.0,189.7,24.0,127478.0,190.0,32849223.0,9930846.0
2021-04-18,United Kingdom,1882,4387820,142.0,462651.0,1983.0,311.0,1677085.0,143958619.0,10.0,127270.0,189.7,17.0,127495.0,190.1,32932448.0,10152039.0
2021-04-19,United Kingdom,2963,4390783,178.0,462829.0,2007.0,318.0,1044822.0,145197408.0,4.0,127274.0,189.7,18.0,127513.0,190.1,33032120.0,10425790.0
2021-04-20,United Kingdom,2524,4393307,138.0,462967.0,1926.0,300.0,733679.0,146043397.0,33.0,127307.0,189.8,19.0,127532.0,190.1,33139742.0,10775817.0
2021-04-21,United Kingdom,2396,4395703,172.0,463139.0,1893.0,276.0,1375409.0,147468783.0,22.0,127327.0,189.8,24.0,127556.0,190.2,33257651.0,11192601.0
2021-04-22,United Kingdom,2729,4398431,121.0,463260.0,1791.0,261.0,1116100.0,148737754.0,18.0,127345.0,189.8,16.0,127572.0,190.2,33388637.0,11623671.0
2021-04-23,United Kingdom,2678,4401109,155.0,463415.0,1749.0,243.0,726143.0,149549203.0,40.0,127385.0,189.9,21.0,127593.0,190.2,33524423.0,12088686.0
2021-04-24,United Kingdom,2061,4403170,129.0,463544.0,1673.0,240.0,503647.0,150088350.0,32.0,127417.0,189.9,8.0,127601.0,190.2,33673190.0,12636322.0
2021-04-25,United Kingdom,1712,4404882,138.0,463682.0,1626.0,231.0,1478208.0,151605651.0,11.0,127428.0,190.0,15.0,127616.0,190.2,33752885.0,12897123.0
2021-04-26,United Kingdom,2064,4406946,136.0,463818.0,1649.0,227.0,1037230.0,152823630.0,6.0,127434.0,190.0,13.0,127629.0,190.3,33843580.0,13201811.0
2021-04-27,United Kingdom,2685,4409631,169.0,463987.0,1572.0,214.0,733083.0,153652532.0,17.0,127451.0,190.0,12.0,127641.0,190.3,33959908.0,13581076.0
2021-04-28,United Kingdom,2166,4411797,114.0,464101.0,1515.0,208.0,1364122.0,155072706.0,29.0,127480.0,190.0,14.0,127655.0,190.3,34094048.0,14043961.0
2021-04-29,United Kingdom,2445,4414242,102.0,464203.0,1464.0,196.0,1076119.0,156302824.0,22.0,127502.0,190.1,13.0,127668.0,190.3,34216616.0,14535528.0
2021-04-30,United Kingdom,2381,4416623,112.0,464315.0,1366.0,185.0,669868.0,157053728.0,15.0,127517.0,190.1,8.0,127676.0,190.3,34362205.0,14957313.0
2021-05-01,United Kingdom,1907,4418530,101.0,464416.0,1287.0,188.0,486230.0,157574377.0,7.0,127524.0,190.1,8.0,127684.0,190.3,34505380.0,15329617.0
2021-05-02,United Kingdom,1671,4420201,120.0,464536.0,1285.0,196.0,833463.0,158443270.0,14.0,127538.0,190.1,12.0,127696.0,190.4,34595304.0,15502508.0
2021-05-03,United Kingdom,1649,4421850,125.0,464661.0,1303.0,187.0,1070020.0,159657232.0,1.0,127539.0,190.1,8.0,127704.0,190.4,34667904.0,15630007.0
2021-05-04,United Kingdom,1946,4423796,103.0,464764.0,1295.0,181.0,861862.0,160653676.0,4.0,127543.0,190.1,10.0,127714.0,190.4,34795074.0,15887493.0
2021-05-05,United Kingdom,2144,4425940,122.0,464886.0,1239.0,182.0,1218491.0,161933673.0,27.0,127570.0,190.2,12.0,127726.0,190.4,34934171.0,16291719.0
2021-05-06,United Kingdom,2613,4428553,123.0,465009.0,1159.0,163.0,1071259.0,163171777.0,13.0,127583.0,190.2,10.0,127736.0,190.4,35069641.0,16764720.0
2021-05-07,United Kingdom,2490,4431043,105.0,465114.0,1157.0,159.0,711621.0,163935965.0,15.0,127598.0,190.2,10.0,127746.0,190.4,35202642.0,17230542.0
2021-05-08,United Kingdom,2047,4433090,109.0,465223.0,1137.0,151.0,491705.0,164463915.0,5.0,127603.0,190.2,8.0,127754.0,190.4,35371669.0,17669379.0
2021-05-09,United Kingdom,1770,4434860,104.0,465327.0,1118.0,144.0,1322696.0,165821683.0,2.0,127605.0,190.2,9.0,127763.0,190.5,35472295.0,17856550.0
2021-05-10,United Kingdom,2357,4437217,104.0,465431.0,1129.0,149.0,957267.0,166942214.0,4.0,127609.0,190.2,8.0,127771.0,190.5,35587348.0,18088385.0
2021-05-11,United Kingdom,2474,4439691,116.0,465547.0,1106.0,138.0,713918.0,167749070.0,20.0,127629.0,190.3,14.0,127785.0,190.5,35722461.0,18438532.0
2021-05-12,United Kingdom,2284,4441975,119.0,465666.0,1068.0,136.0,1209469.0,169007195.0,11.0,127640.0,190.3,11.0,127796.0,190.5,35906671.0,18890969.0
2021-05-13,United Kingdom,2657,4444631,108.0,465774.0,1001.0,129.0,1023529.0,167698765.0,11.0,127651.0,190.3,5.0,127801.0,190.5,36115955.0,19319010.0
2021-05-14,United Kingdom,2193,4446824,93.0,465867.0,976.0,124.0,708820.0,168489158.0,17.0,127668.0,190.3,6.0,127807.0,190.5,36336023.0,19712412.0
2021-05-15,United Kingdom,2027,4448851,91.0,465958.0,966.0,121.0,487574.0,169007148.0,7.0,127675.0,190.3,7.0,127814.0,190.5,36573354.0,20103658.0
2021-05-16,United Kingdom,1926,4450777,80.0,466038.0,941.0,123.0,1110988.0,170156171.0,4.0,127679.0,190.3,8.0,127822.0,190.5,36704672.0,20287403.0
2021-05-17,United Kingdom,1979,4452756,104.0,466142.0,943.0,125.0,993826.0,171398433.0,5.0,127684.0,190.3,7.0,127829.0,190.6,36811405.0,20546452.0
2021-05-18,United Kingdom,2412,4450392,128.0,466270.0,898.0,124.0,751675.0,172256865.0,7.0,127691.0,190.4,6.0,127835.0,190.6,36985505.0,20870453.0
2021-05-19,United Kingdom,2696,4452527,128.0,466398.0,918.0,122.0,1194242.0,173502532.0,3.0,127694.0,190.4,5.0,127840.0,190.6,37250363.0,21239471.0
2021-05-20,United Kingdom,2874,4455221,134.0,466532.0,912.0,123.0,996528.0,174655862.0,7.0,127701.0,190.4,5.0,127845.0,190.6,37518614.0,21659783.0
2021-05-21,United Kingdom,2829,4457923,124.0,466656.0,922.0,124.0,724457.0,175452752.0,9.0,127710.0,190.4,7.0,127852.0,190.6,37738271.0,22086466.0
2021-05-22,United Kingdom,2694,4460446,119.0,466775.0,887.0,123.0,503669.0,175990353.0,6.0,127716.0,190.4,4.0,127856.0,190.6,37943681.0,22643417.0
2021-05-23,United Kingdom,2235,4462538,116.0,466891.0,924.0,120.0,1170845.0,177198405.0,5.0,127721.0,190.4,7.0,127863.0,190.6,38070038.0,22895556.0
2021-05-24,United Kingdom,2439,4464900,139.0,467030.0,960.0,121.0,958458.0,178307058.0,3.0,127724.0,190.4,9.0,127872.0,190.6,38192417.0,23228511.0
2021-05-25,United Kingdom,2493,4467310,136.0,467166.0,921.0,128.0,747938.0,179165196.0,15.0,127739.0,190.4,4.0,127876.0,190.6,38378564.0,23616498.0
2021-05-26,United Kingdom,3180,4470297,133.0,467299.0,895.0,125.0,1138407.0,180358488.0,9.0,127748.0,190.4,11.0,127887.0,190.6,38614683.0,24043956.0
2021-05-27,United Kingdom,3542,4473677,128.0,467427.0,872.0,120.0,963316.0,181453219.0,10.0,127758.0,190.5,8.0,127895.0,190.7,38871200.0,24478052.0
2021-05-28,United Kingdom,4182,4477705,141.0,467568.0,886.0,124.0,682638.0,182199416.0,10.0,127768.0,190.5,8.0,127903.0,190.7,39075642.0,24914003.0
2021-05-29,United Kingdom,3398,4480945,104.0,467672.0,887.0,119.0,488798.0,182719150.0,7.0,127775.0,190.5,7.0,127910.0,190.7,39259168.0,25332851.0
2021-05-30,United Kingdom,3240,4484056,114.0,467786.0,907.0,124.0,626146.0,183371282.0,6.0,127781.0,190.5,8.0,127918.0,190.7,39384055.0,25539173.0
2021-05-31,United Kingdom,3383,4487339,127.0,467913.0,929.0,122.0,602236.0,184054007.0,1.0,127782.0,190.5,7.0,127925.0,190.7,39477158.0,25734719.0
2021-06-01,United Kingdom,3165,4490438,155.0,468068.0,930.0,136.0,667445.0,184827214.0,0.0,127782.0,190.5,4.0,127929.0,190.7,39585665.0,26073284.0
2021-06-02,United Kingdom,4330,4494699,132.0,468200.0,961.0,129.0,858410.0,185735080.0,12.0,127794.0,190.5,10.0,127939.0,190.7,39758428.0,26422303.0
2021-06-03,United Kingdom,5274,4499878,131.0,468331.0,938.0,134.0,810478.0,186643217.0,18.0,127812.0,190.5,12.0,127951.0,190.7,39949694.0,26799944.0
2021-06-04,United Kingdom,6238,4506018,124.0,468455.0,965.0,130.0,674097.0,187370687.0,11.0,127823.0,190.5,9.0,127960.0,190.8,40129618.0,27187975.0
2021-06-05,United Kingdom,5765,4511669,127.0,468582.0,938.0,135.0,489437.0,187892653.0,13.0,127836.0,190.6,5.0,127965.0,190.8,40333231.0,27661353.0
2021-06-06,United Kingdom,5341,4516892,156.0,468738.0,964.0,145.0,1242425.0,189171158.0,4.0,127840.0,190.6,6.0,127971.0,190.8,40460576.0,27921294.0
2021-06-07,United Kingdom,5683,4522476,176.0,468914.0,1035.0,148.0,930765.0,190228925.0,1.0,127841.0,190.6,5.0,127976.0,190.8,40573517.0,28227362.0
2021-06-08,United Kingdom,6048,4528442,190.0,469104.0,1057.0,154.0,731233.0,191044609.0,13.0,127854.0,190.6,8.0,127984.0,190.8,40710319.0,28540844.0
2021-06-09,United Kingdom,7540,4535754,194.0,469298.0,1064.0,159.0,1088715.0,192177143.0,6.0,127860.0,190.6,7.0,127991.0,190.8,40886878.0,28857102.0
2021-06-10,United Kingdom,7393,4542986,203.0,469501.0,1095.0,158.0,948516.0,193264021.0,7.0,127867.0,190.6,11.0,128002.0,190.8,41088485.0,29165140.0
2021-06-11,United Kingdom,8125,4550944,179.0,469680.0,1077.0,161.0,739342.0,194080407.0,17.0,127884.0,190.6,6.0,128008.0,190.8,41297016.0,29472332.0
2021-06-12,United Kingdom,7738,4558494,178.0,469858.0,1106.0,169.0,534082.0,194649268.0,12.0,127896.0,190.7,13.0,128021.0,190.8,41551201.0,29792658.0
2021-06-13,United Kingdom,7490,4565813,223.0,470081.0,1141.0,188.0,1052657.0,195734654.0,8.0,127904.0,190.7,10.0,128031.0,190.9,41698429.0,29973779.0
2021-06-14,United Kingdom,7742,4573419,229.0,470310.0,1182.0,188.0,931412.0,196799580.0,3.0,127907.0,190.7,9.0,128040.0,190.9,41831056.0,30209707.0
2021-06-15,United Kingdom,7673,4581006,233.0,470543.0,1233.0,206.0,779691.0,197685875.0,10.0,127917.0,190.7,19.0,128059.0,190.9,42021089.0,30440373.0
2021-06-16,United Kingdom,9055,4589814,231.0,470774.0,1258.0,208.0,1105736.0,198844077.0,9.0,127926.0,190.7,11.0,128070.0,190.9,42216654.0,30675207.0
2021-06-17,United Kingdom,11007,4600623,243.0,471017.0,1323.0,210.0,1038161.0,200024844.0,19.0,127945.0,190.7,6.0,128076.0,190.9,42460632.0,30898467.0
2021-06-18,United Kingdom,10476,4610893,240.0,471257.0,1365.0,223.0,794601.0,200882715.0,11.0,127956.0,190.7,13.0,128089.0,190.9,42683772.0,31104144.0
2021-06-19,United Kingdom,10321,4620968,215.0,471472.0,1350.0,215.0,592148.0,201504638.0,14.0,127970.0,190.8,23.0,128112.0,191.0,42964013.0,31340507.0
2021-06-20,United Kingdom,9284,4630040,207.0,471679.0,1385.0,210.0,1149370.0,202689116.0,6.0,127976.0,190.8,23.0,128135.0,191.0,43127763.0,31449915.0
2021-06-21,United Kingdom,10633,4640507,232.0,471911.0,1519.0,228.0,1021055.0,203846016.0,5.0,127981.0,190.8,16.0,128151.0,191.0,43148843.0,31489240.0
2021-06-22,United Kingdom,11625,4651988,241.0,472152.0,1543.0,250.0,823714.0,204758457.0,27.0,128008.0,190.8,13.0,128164.0,191.1,43448680.0,31740115.0
2021-06-23,United Kingdom,16135,4667870,278.0,472430.0,1497.0,246.0,1153811.0,205963666.0,19.0,128027.0,190.9,7.0,128171.0,191.1,43656327.0,31908103.0
2021-06-24,United Kingdom,16703,4684572,256.0,472686.0,1518.0,259.0,1069754.0,207164164.0,21.0,128048.0,190.9,21.0,128192.0,191.1,43877861.0,32085916.0
2021-06-25,United Kingdom,15810,4699868,259.0,472945.0,1539.0,257.0,853652.0,208080388.0,18.0,128066.0,190.9,20.0,128212.0,191.1,44080358.0,32260686.0
2021-06-26,United Kingdom,18270,4717811,268.0,473213.0,1546.0,256.0,622568.0,208738852.0,23.0,128089.0,190.9,17.0,128229.0,191.2,44314799.0,32460191.0
2021-06-27,United Kingdom,14876,4732434,271.0,473484.0,1607.0,263.0,1216722.0,209994920.0,11.0,128100.0,191.0,20.0,128249.0,191.2,44454511.0,32583746.0
2021-06-28,United Kingdom,22868,4755078,312.0,473796.0,1745.0,297.0,1097321.0,211227935.0,3.0,128103.0,191.0,12.0,128261.0,191.2,44581771.0,32721762.0
2021-06-29,United Kingdom,20479,4775301,368.0,474164.0,1748.0,283.0,884006.0,212221289.0,23.0,128126.0,191.0,24.0,128285.0,191.2,44719762.0,32872450.0
2021-06-30,United Kingdom,26068,4800907,416.0,474580.0,1827.0,287.0,1254577.0,213530473.0,14.0,128140.0,191.0,21.0,128306.0,191.3,44860978.0,33048199.0
2021-07-01,United Kingdom,27989,4828463,373.0,474953.0,1937.0,300.0,1123140.0,214786845.0,22.0,128162.0,191.1,21.0,128327.0,191.3,45013503.0,33241265.0
2021-07-02,United Kingdom,27125,4855169,394.0,475347.0,2014.0,321.0,878987.0,215734978.0,27.0,128189.0,191.1,28.0,128355.0,191.3,45137108.0,33418743.0
2021-07-03,United Kingdom,24885,4879616,393.0,475740.0,2058.0,327.0,659569.0,216434004.0,18.0,128207.0,191.1,28.0,128383.0,191.4,45274497.0,33614952.0
2021-07-04,United Kingdom,24248,4903434,467.0,476207.0,2178.0,336.0,1276616.0,217751573.0,15.0,128222.0,191.1,28.0,128411.0,191.4,45351719.0,33726362.0
2021-07-05,United Kingdom,27334,4930534,517.0,476724.0,2364.0,369.0,1162592.0,219015797.0,9.0,128231.0,191.2,28.0,128439.0,191.5,45428681.0,33874176.0
2021-07-06,United Kingdom,28773,4958868,575.0,477299.0,2486.0,392.0,971276.0,220094105.0,37.0,128268.0,191.2,33.0,128472.0,191.5,45514492.0,34027302.0
2021-07-07,United Kingdom,32548,4990916,569.0,477868.0,2681.0,417.0,1240522.0,221388612.0,33.0,128301.0,191.3,29.0,128501.0,191.6,45601445.0,34198779.0
2021-07-08,United Kingdom,32551,5022893,611.0,478479.0,2768.0,417.0,1117928.0,222632706.0,35.0,128336.0,191.3,38.0,128539.0,191.6,45697875.0,34374246.0
2021-07-09,United Kingdom,35707,5058093,562.0,479041.0,2939.0,437.0,904994.0,223602321.0,29.0,128365.0,191.4,47.0,128586.0,191.7,45787958.0,34553065.0
2021-07-10,United Kingdom,32367,5089893,552.0,479593.0,3036.0,448.0,743561.0,224384013.0,34.0,128399.0,191.4,42.0,128628.0,191.7,45881721.0,34764511.0
2021-07-11,United Kingdom,31772,5121245,594.0,480187.0,3182.0,454.0,1124945.0,225549897.0,26.0,128425.0,191.4,33.0,128661.0,191.8,45923721.0,34872131.0
2021-07-12,United Kingdom,34471,5155243,733.0,480920.0,3458.0,482.0,1077258.0,226812985.0,6.0,128431.0,191.5,39.0,128700.0,191.9,45978017.0,34997491.0
2021-07-13,United Kingdom,36660,5191459,751.0,481671.0,3673.0,522.0,935422.0,227859646.0,50.0,128481.0,191.5,49.0,128749.0,191.9,46037090.0,35155767.0
2021-07-14,United Kingdom,42302,5233207,756.0,482427.0,3857.0,545.0,1213180.0,229130661.0,49.0,128530.0,191.6,42.0,128791.0,192.0,46097464.0,35341428.0
2021-07-15,United Kingdom,48553,5281098,774.0,483201.0,4038.0,551.0,1181072.0,230446661.0,63.0,128593.0,191.7,52.0,128843.0,192.1,46159145.0,35543321.0
2021-07-16,United Kingdom,51870,5332371,701.0,483902.0,4151.0,573.0,979046.0,231488431.0,49.0,128642.0,191.8,50.0,128893.0,192.1,46228636.0,35745635.0
2021-07-17,United Kingdom,54674,5386340,709.0,484611.0,4231.0,583.0,784623.0,232310458.0,41.0,128683.0,191.8,52.0,128945.0,192.2,46295853.0,35970849.0
2021-07-18,United Kingdom,48161,5433939,800.0,485411.0,4347.0,582.0,1041184.0,233398270.0,25.0,128708.0,191.9,67.0,129012.0,192.3,46314039.0,36099727.0
2021-07-19,United Kingdom,39950,5473477,879.0,486290.0,4651.0,611.0,1076936.0,234640904.0,19.0,128727.0,191.9,82.0,129094.0,192.4,46349709.0,36243287.0
2021-07-20,United Kingdom,46558,5519602,938.0,487228.0,4742.0,618.0,888078.0,235588629.0,96.0,128823.0,192.0,58.0,129152.0,192.5,46388744.0,36404566.0
2021-07-21,United Kingdom,44104,5563006,930.0,488158.0,4930.0,647.0,1042385.0,236677745.0,73.0,128896.0,192.1,54.0,129206.0,192.6,46433845.0,36587904.0
2021-07-22,United Kingdom,39906,5602321,956.0,489114.0,5102.0,699.0,1016134.0,237814221.0,84.0,128980.0,192.3,76.0,129282.0,192.7,46477881.0,36776201.0
2021-07-23,United Kingdom,36389,5637975,866.0,489980.0,5312.0,715.0,911753.0,238813490.0,64.0,129044.0,192.4,81.0,129363.0,192.8,46520855.0,36965542.0
2021-07-24,United Kingdom,31795,5669260,829.0,490809.0,5379.0,755.0,757969.0,239610099.0,86.0,129130.0,192.5,72.0,129435.0,193.0,46564660.0,37169428.0
2021-07-25,United Kingdom,29173,5697912,943.0,491752.0,5648.0,779.0,791097.0,240437986.0,28.0,129158.0,192.5,71.0,129506.0,193.1,46589211.0,37287384.0
2021-07-26,United Kingdom,24950,5722298,938.0,492690.0,6004.0,820.0,812126.0,241319833.0,14.0,129172.0,192.6,74.0,129580.0,193.2,46619230.0,37436320.0
2021-07-27,United Kingdom,23511,5745526,919.0,493609.0,6098.0,848.0,800665.0,242211485.0,131.0,129303.0,192.8,72.0,129652.0,193.3,46654632.0,37587970.0
2021-07-28,United Kingdom,27734,5770928,853.0,494462.0,6107.0,853.0,913452.0,243170406.0,91.0,129430.0,192.9,87.0,129739.0,193.4,46698479.0,37759143.0
2021-07-29,United Kingdom,31117,5801561,839.0,495301.0,5986.0,869.0,866068.0,244114700.0,85.0,129515.0,193.1,79.0,129818.0,193.5,46740832.0,37939061.0
2021-07-30,United Kingdom,29622,5830774,750.0,496051.0,6019.0,889.0,840189.0,244998886.0,68.0,129583.0,193.2,105.0,129923.0,193.7,46777556.0,38110157.0
2021-07-31,United Kingdom,26144,5856528,676.0,496727.0,5958.0,893.0,677371.0,245708598.0,71.0,129654.0,193.3,89.0,130012.0,193.8,46816382.0,38322171.0
2021-08-01,United Kingdom,24470,5880667,740.0,497467.0,5982.0,877.0,671342.0,246411086.0,65.0,129719.0,193.4,93.0,130105.0,194.0,46837614.0,38440215.0
2021-08-02,United Kingdom,21952,5902354,788.0,498255.0,6215.0,895.0,727637.0,247196932.0,24.0,129743.0,193.4,79.0,130184.0,194.1,46863706.0,38566407.0
2021-08-03,United Kingdom,21691,5923820,764.0,499019.0,6006.0,887.0,722419.0,248022317.0,138.0,129881.0,193.6,74.0,130258.0,194.2,46892996.0,38709168.0
2021-08-04,United Kingdom,29312,5952756,838.0,499857.0,5792.0,881.0,850249.0,248910412.0,119.0,130000.0,193.8,79.0,130337.0,194.3,46926330.0,38874837.0
2021-08-05,United Kingdom,30215,5982581,818.0,500675.0,5755.0,871.0,828867.0,249796318.0,86.0,130086.0,193.9,101.0,130438.0,194.4,46961830.0,39047529.0
2021-08-06,United Kingdom,31808,6014023,783.0,501458.0,5753.0,870.0,795658.0,250635539.0,92.0,130178.0,194.1,93.0,130531.0,194.6,46998806.0,39215885.0
2021-08-07,United Kingdom,28612,6042252,729.0,502187.0,5704.0,854.0,662089.0,251326768.0,103.0,130281.0,194.2,95.0,130626.0,194.7,47036796.0,39429468.0
2021-08-08,United Kingdom,27429,6069362,744.0,502931.0,5857.0,856.0,689437.0,252045149.0,39.0,130320.0,194.3,79.0,130705.0,194.8,47059639.0,39551538.0
2021-08-09,United Kingdom,25161,6094243,758.0,503689.0,6018.0,859.0,728011.0,252857250.0,37.0,130357.0,194.3,79.0,130784.0,195.0,47091889.0,39688566.0
2021-08-10,United Kingdom,23510,6117540,894.0,504583.0,6020.0,874.0,751448.0,253648715.0,146.0,130503.0,194.5,81.0,130865.0,195.1,47129400.0,39839709.0
2021-08-11,United Kingdom,29612,6146800,850.0,505433.0,6005.0,871.0,845795.0,254529454.0,104.0,130607.0,194.7,88.0,130953.0,195.2,47170968.0,40013470.0
2021-08-12,United Kingdom,33074,6179506,861.0,506294.0,5960.0,882.0,815286.0,255418374.0,94.0,130701.0,194.8,106.0,131059.0,195.4,47215352.0,40206029.0
2021-08-13,United Kingdom,32700,6211868,791.0,507085.0,5988.0,892.0,826362.0,256293103.0,100.0,130801.0,195.0,104.0,131163.0,195.5,47255842.0,40377614.0
2021-08-14,United Kingdom,29520,6241011,791.0,507876.0,5885.0,892.0,656190.0,256949294.0,93.0,130894.0,195.1,93.0,131256.0,195.7,47302445.0,40577198.0
2021-08-15,United Kingdom,26750,6267437,809.0,508685.0,6046.0,898.0,674509.0,257623937.0,61.0,130953.0,195.2,85.0,131341.0,195.8,47333702.0,40703581.0
2021-08-16,United Kingdom,28438,6295613,873.0,509558.0,6383.0,918.0,700949.0,258373249.0,26.0,130979.0,195.3,79.0,131420.0,195.9,47369418.0,40841971.0
2021-08-17,United Kingdom,26852,6322241,974.0,510532.0,6407.0,925.0,730374.0,259176591.0,170.0,131149.0,195.5,108.0,131528.0,196.1,47413242.0,40987846.0
2021-08-18,United Kingdom,33904,6355887,911.0,511443.0,6465.0,909.0,810920.0,260042346.0,111.0,131260.0,195.7,98.0,131626.0,196.2,47460526.0,41157069.0
2021-08-19,United Kingdom,36572,6392160,948.0,512391.0,6509.0,928.0,825316.0,260932495.0,113.0,131373.0,195.8,108.0,131734.0,196.4,47516505.0,41332128.0
2021-08-20,United Kingdom,37314,6429147,872.0,513263.0,6521.0,955.0,766477.0,261734595.0,114.0,131487.0,196.0,117.0,131851.0,196.6,47577390.0,41499520.0
2021-08-21,United Kingdom,32058,6460930,876.0,514139.0,6532.0,955.0,647401.0,262395887.0,104.0,131591.0,196.2,104.0,131955.0,196.7,47650396.0,41694401.0
2021-08-22,United Kingdom,32253,6492906,833.0,514972.0,6750.0,963.0,679793.0,263102581.0,49.0,131640.0,196.2,116.0,132071.0,196.9,47690741.0,41810753.0
2021-08-23,United Kingdom,31914,6524581,971.0,515943.0,7020.0,942.0,742503.0,263892873.0,40.0,131680.0,196.3,114.0,132185.0,197.1,47737142.0,41942036.0
2021-08-24,United Kingdom,30838,6555200,1002.0,516945.0,6962.0,957.0,751746.0,264723386.0,174.0,131854.0,196.6,113.0,132298.0,197.2,47792552.0,42072712.0
2021-08-25,United Kingdom,35847,6590747,1038.0,517983.0,6988.0,974.0,926834.0,265689435.0,149.0,132003.0,196.8,101.0,132399.0,197.4,47860628.0,42234417.0
2021-08-26,United Kingdom,38281,6628709,956.0,518939.0,7033.0,982.0,950858.0,266714771.0,140.0,132143.0,197.0,116.0,132515.0,197.5,47915768.0,42379353.0
2021-08-27,United Kingdom,38046,6666399,943.0,519882.0,7087.0,988.0,891694.0,267650302.0,100.0,132243.0,197.1,127.0,132642.0,197.7,47960705.0,42510809.0
2021-08-28,United Kingdom,32406,6698486,863.0,520745.0,6982.0,953.0,720514.0,268404441.0,133.0,132376.0,197.3,124.0,132766.0,197.9,48003976.0,42644497.0
2021-08-29,United Kingdom,33196,6731423,857.0,521602.0,7112.0,971.0,707447.0,269140257.0,61.0,132437.0,197.4,128.0,132894.0,198.1,48028366.0,42723937.0
2021-08-30,United Kingdom,26476,6757650,1004.0,522606.0,7341.0,984.0,672574.0,269857086.0,48.0,132485.0,197.5,106.0,133000.0,198.3,48048009.0,42790585.0
2021-08-31,United Kingdom,32181,6789581,1006.0,523612.0,7679.0,1014.0,924945.0,270870957.0,50.0,132535.0,197.6,116.0,133116.0,198.4,48087908.0,42909987.0
2021-09-01,United Kingdom,35693,6825074,1083.0,524695.0,7683.0,1030.0,1029534.0,271963982.0,207.0,132742.0,197.9,118.0,133234.0,198.6,48131996.0,43023372.0
2021-09-02,United Kingdom,38154,6862904,1001.0,525696.0,7623.0,1038.0,1158879.0,273256505.0,178.0,132920.0,198.1,128.0,133362.0,198.8,48171998.0,43142747.0
2021-09-03,United Kingdom,42076,6904969,929.0,526625.0,7672.0,1034.0,1192659.0,274551767.0,121.0,133041.0,198.3,147.0,133509.0,199.0,48207264.0,43253337.0
2021-09-04,United Kingdom,37578,6941611,954.0,527579.0,7557.0,1019.0,759304.0,275373048.0,120.0,133161.0,198.5,134.0,133643.0,199.2,48248318.0,43381890.0
2021-09-05,United Kingdom,37011,6978126,879.0,528458.0,7752.0,1018.0,1038990.0,276466413.0,68.0,133229.0,198.6,156.0,133799.0,199.5,48270113.0,43455083.0
2021-09-06,United Kingdom,41192,7018927,1080.0,529538.0,8038.0,1062.0,1348727.0,277951515.0,45.0,133274.0,198.7,138.0,133937.0,199.7,48292811.0,43535098.0
2021-09-07,United Kingdom,37489,7056106,1105.0,530643.0,7982.0,1047.0,1173529.0,279309801.0,209.0,133483.0,199.0,156.0,134093.0,199.9,48319435.0,43620946.0
2021-09-08,United Kingdom,38975,7094592,1166.0,531809.0,8138.0,1060.0,1256996.0,280725801.0,191.0,133674.0,199.3,140.0,134233.0,200.1,48344566.0,43708906.0
2021-09-09,United Kingdom,38013,7132072,1037.0,532846.0,8147.0,1051.0,1244061.0,282141831.0,167.0,133841.0,199.5,163.0,134396.0,200.3,48370340.0,43805608.0
2021-09-10,United Kingdom,37622,7168806,925.0,533771.0,8318.0,1056.0,1069333.0,283352512.0,147.0,133988.0,199.7,145.0,134541.0,200.6,48396404.0,43897419.0
2021-09-11,United Kingdom,29547,7197662,850.0,534621.0,8146.0,1027.0,747956.0,284171556.0,156.0,134144.0,200.0,137.0,134678.0,200.8,48424317.0,43995478.0
2021-09-12,United Kingdom,29173,7226276,865.0,535486.0,8256.0,1055.0,1079402.0,285297210.0,56.0,134200.0,200.1,140.0,134818.0,201.0,48439272.0,44048093.0
2021-09-13,United Kingdom,30825,7256559,941.0,536427.0,8479.0,1056.0,1044759.0,286493464.0,61.0,134261.0,200.1,109.0,134927.0,201.1,48458700.0,44108746.0
2021-09-14,United Kingdom,26628,7282810,949.0,537376.0,8402.0,1060.0,884536.0,287498341.0,185.0,134446.0,200.4,154.0,135081.0,201.4,48476345.0,44175471.0
2021-09-15,United Kingdom,30597,7312683,949.0,538325.0,8408.0,1081.0,1087035.0,288664707.0,201.0,134647.0,200.7,142.0,135223.0,201.6,48500747.0,44238761.0
2021-09-16,United Kingdom,26911,7339009,896.0,539221.0,8126.0,1020.0,1061171.0,289860893.0,158.0,134805.0,201.0,150.0,135373.0,201.8,48523798.0,44302734.0
2021-09-17,United Kingdom,32651,7371301,755.0,539976.0,7919.0,1011.0,932360.0,290857664.0,178.0,134983.0,201.2,171.0,135544.0,202.1,48544576.0,44363118.0
2021-09-18,United Kingdom,30144,7400739,759.0,540735.0,7708.0,1004.0,714784.0,291606253.0,164.0,135147.0,201.5,123.0,135667.0,202.2,48570774.0,44435615.0
2021-09-19,United Kingdom,29612,7429746,731.0,541466.0,7759.0,1006.0,1123834.0,292766774.0,56.0,135203.0,201.6,126.0,135793.0,202.4,48584614.0,44470772.0
2021-09-20,United Kingdom,36100,7465448,812.0,542278.0,7810.0,982.0,985065.0,293917586.0,49.0,135252.0,201.6,134.0,135927.0,202.6,48604764.0,44517114.0
2021-09-21,United Kingdom,31564,7496543,804.0,543082.0,7637.0,943.0,898353.0,294929225.0,203.0,135455.0,201.9,120.0,136047.0,202.8,48625148.0,44560520.0
2021-09-22,United Kingdom,34460,7530103,754.0,543836.0,7430.0,939.0,971905.0,295946168.0,166.0,135621.0,202.2,146.0,136193.0,203.0,48647827.0,44604567.0
2021-09-23,United Kingdom,36710,7565867,782.0,544618.0,7180.0,916.0,1066509.0,297235180.0,182.0,135803.0,202.4,138.0,136331.0,203.2,48672910.0,44649155.0
2021-09-24,United Kingdom,35623,7601487,731.0,545349.0,6929.0,878.0,907507.0,298217511.0,180.0,135983.0,202.7,124.0,136455.0,203.4,48700527.0,44693914.0
2021-09-25,United Kingdom,32468,7632353,677.0,546026.0,6975.0,874.0,786528.0,299037568.0,127.0,136110.0,202.9,124.0,136579.0,203.6,48724823.0,44741032.0
2021-09-26,United Kingdom,32417,7664230,671.0,546697.0,6836.0,839.0,1126553.0,300199126.0,58.0,136168.0,203.0,97.0,136676.0,203.7,48740807.0,44766571.0
2021-09-27,United Kingdom,37960,7701715,784.0,547481.0,7067.0,831.0,1010983.0,301307653.0,40.0,136208.0,203.0,114.0,136790.0,203.9,48765726.0,44799748.0
2021-09-28,United Kingdom,34526,7736235,782.0,548263.0,7050.0,826.0,862743.0,302272667.0,167.0,136375.0,203.3,104.0,136894.0,204.1,48797579.0,44833280.0
2021-09-29,United Kingdom,36722,7771294,814.0,549077.0,6937.0,813.0,1118162.0,303448502.0,150.0,136525.0,203.5,124.0,137018.0,204.3,48829118.0,44867373.0
2021-09-30,United Kingdom,36480,7807036,710.0,549787.0,6793.0,815.0,1044009.0,304621001.0,137.0,136662.0,203.7,113.0,137131.0,204.4,48863490.0,44901832.0
2021-10-01,United Kingdom,35577,7841625,696.0,550483.0,6625.0,805.0,881157.0,305561526.0,127.0,136789.0,203.9,129.0,137260.0,204.6,48901670.0,44936121.0
2021-10-02,United Kingdom,30301,7871014,697.0,551180.0,6476.0,764.0,735568.0,306284002.0,121.0,136910.0,204.1,109.0,137369.0,204.8,48932736.0,44970512.0
2021-10-03,United Kingdom,30439,7900680,718.0,551898.0,6633.0,778.0,1022398.0,307339034.0,43.0,136953.0,204.2,96.0,137465.0,204.9,48956859.0,44992044.0
2021-10-04,United Kingdom,35077,7934936,811.0,552709.0,6824.0,769.0,943178.0,308376986.0,33.0,136986.0,204.2,102.0,137567.0,205.1,48994530.0,45021381.0
2021-10-05,United Kingdom,33869,7967985,839.0,553548.0,6900.0,800.0,858613.0,309303500.0,166.0,137152.0,204.5,120.0,137687.0,205.3,49035877.0,45049953.0
2021-10-06,United Kingdom,39851,8006660,780.0,554328.0,6885.0,807.0,1075844.0,310440189.0,143.0,137295.0,204.7,101.0,137788.0,205.4,49068705.0,45078529.0
2021-10-07,United Kingdom,40701,8046390,823.0,555151.0,6835.0,808.0,965417.0,311519071.0,122.0,137417.0,204.9,121.0,137909.0,205.6,49101734.0,45107185.0
2021-10-08,United Kingdom,41765,8087005,787.0,555938.0,6813.0,780.0,920708.0,312498136.0,150.0,137564.0,205.1,115.0,138024.0,205.8,49133419.0,45136253.0
2021-10-09,United Kingdom,34950,8120713,770.0,556708.0,6757.0,768.0,709626.0,313237714.0,133.0,137697.0,205.3,115.0,138139.0,205.9,49164814.0,45169730.0
2021-10-10,United Kingdom,34574,8154306,735.0,557443.0,6929.0,744.0,968390.0,314239784.0,38.0,137735.0,205.3,96.0,138235.0,206.1,49186920.0,45189181.0
2021-10-11,United Kingdom,40224,8193769,848.0,558291.0,7083.0,747.0,937765.0,315278717.0,28.0,137763.0,205.4,122.0,138357.0,206.3,49216092.0,45212813.0
2021-10-12,United Kingdom,38520,8231437,944.0,559235.0,7113.0,780.0,876107.0,316222267.0,181.0,137944.0,205.6,113.0,138470.0,206.4,49252939.0,45239759.0
2021-10-13,United Kingdom,42776,8272883,931.0,560166.0,7128.0,781.0,1048178.0,317132670.0,136.0,138080.0,205.8,120.0,138590.0,206.6,49291665.0,45269240.0
2021-10-14,United Kingdom,45066,8317439,917.0,561083.0,7185.0,783.0,984153.0,318440917.0,157.0,138237.0,206.1,149.0,138739.0,206.8,49335154.0,45297231.0
2021-10-15,United Kingdom,44932,8361651,956.0,562039.0,7198.0,791.0,912584.0,319409103.0,145.0,138379.0,206.3,138.0,138877.0,207.0,49375917.0,45326663.0
2021-10-16,United Kingdom,43423,8404469,885.0,562924.0,7224.0,805.0,729461.0,320172077.0,148.0,138527.0,206.5,132.0,139009.0,207.2,49404916.0,45360146.0
2021-10-17,United Kingdom,45140,8449165,975.0,563899.0,7495.0,819.0,980744.0,321188533.0,57.0,138584.0,206.6,128.0,139137.0,207.4,49422753.0,45377411.0
2021-10-18,United Kingdom,49156,8497868,1091.0,564990.0,7864.0,826.0,912579.0,322212870.0,45.0,138629.0,206.7,127.0,139264.0,207.6,49462425.0,45400990.0
2021-10-19,United Kingdom,43738,8541192,1111.0,566101.0,8013.0,851.0,879270.0,323234827.0,223.0,138852.0,207.0,128.0,139392.0,207.8,49505327.0,45433757.0
2021-10-20,United Kingdom,49139,8589737,1118.0,567219.0,8269.0,872.0,1106306.0,324387705.0,179.0,139031.0,207.3,153.0,139545.0,208.0,49554407.0,45460122.0
2021-10-21,United Kingdom,52009,8641221,985.0,568204.0,8363.0,892.0,1013422.0,325510859.0,115.0,139146.0,207.4,154.0,139699.0,208.3,49603139.0,45486950.0
2021-10-22,United Kingdom,49298,8689949,947.0,569151.0,8348.0,889.0,915907.0,326473840.0,180.0,139326.0,207.7,134.0,139833.0,208.5,49649389.0,45513120.0
2021-10-23,United Kingdom,44985,8734934,915.0,570066.0,8341.0,869.0,706526.0,327212260.0,135.0,139461.0,207.9,164.0,139997.0,208.7,49689481.0,45543363.0
2021-10-24,United Kingdom,39962,8773674,971.0,571037.0,8510.0,885.0,785752.0,328029829.0,72.0,139533.0,208.0,153.0,140150.0,208.9,49715228.0,45561445.0
2021-10-25,United Kingdom,36567,8809774,1067.0,572104.0,8834.0,913.0,822859.0,328947941.0,38.0,139571.0,208.1,131.0,140281.0,209.1,49753037.0,45582891.0
2021-10-26,United Kingdom,40954,8853227,1120.0,573224.0,8952.0,952.0,805392.0,329796898.0,263.0,139834.0,208.5,162.0,140443.0,209.4,49794120.0,45605922.0
2021-10-27,United Kingdom,43941,8897149,1159.0,574383.0,9058.0,945.0,918563.0,330752496.0,207.0,140041.0,208.8,160.0,140603.0,209.6,49838202.0,45627499.0
2021-10-28,United Kingdom,39842,8936155,1083.0,575466.0,9136.0,944.0,878812.0,331717146.0,165.0,140206.0,209.0,191.0,140794.0,209.9,49882904.0,45651222.0
2021-10-29,United Kingdom,43467,8979236,1031.0,576497.0,9233.0,962.0,850056.0,332610415.0,186.0,140392.0,209.3,171.0,140965.0,210.1,49923871.0,45673501.0
2021-10-30,United Kingdom,41278,9019962,903.0,577400.0,9285.0,968.0,678916.0,333322458.0,166.0,140558.0,209.5,168.0,141133.0,210.4,49959923.0,45698902.0
2021-10-31,United Kingdom,38009,9057629,1010.0,578410.0,9437.0,980.0,951287.0,334310027.0,74.0,140632.0,209.6,185.0,141318.0,210.7,49987325.0,45712351.0
2021-11-01,United Kingdom,40077,9097311,1098.0,579508.0,9682.0,1030.0,908313.0,335303024.0,40.0,140672.0,209.7,176.0,141494.0,210.9,50025020.0,45731565.0
2021-11-02,United Kingdom,33865,9130857,1082.0,580590.0,9665.0,1024.0,871981.0,336227289.0,293.0,140964.0,210.1,157.0,141651.0,211.2,50071683.0,45752487.0
2021-11-03,United Kingdom,41299,9171660,984.0,581574.0,9449.0,1019.0,1023819.0,337291624.0,217.0,141181.0,210.5,164.0,141815.0,211.4,50112925.0,45770452.0
2021-11-04,United Kingdom,37269,9208219,882.0,582456.0,9304.0,1034.0,918418.0,338310440.0,214.0,141395.0,210.8,156.0,141971.0,211.6,50156656.0,45790934.0
2021-11-05,United Kingdom,34029,9241916,859.0,583315.0,9104.0,1026.0,834625.0,339196188.0,193.0,141588.0,211.1,156.0,142127.0,211.9,50200147.0,45813567.0
2021-11-06,United Kingdom,30693,9272066,827.0,584142.0,8858.0,1018.0,650427.0,339876033.0,155.0,141743.0,211.3,167.0,142294.0,212.1,50236895.0,45838067.0
2021-11-07,United Kingdom,30305,9301909,886.0,585028.0,8878.0,1012.0,869321.0,340788296.0,62.0,141805.0,211.4,165.0,142459.0,212.4,50262735.0,45852677.0
2021-11-08,United Kingdom,32322,9333891,1012.0,586040.0,9029.0,1026.0,921624.0,341791652.0,57.0,141862.0,211.5,155.0,142614.0,212.6,50296294.0,45873038.0
2021-11-09,United Kingdom,33117,9366676,994.0,587034.0,8981.0,1023.0,854121.0,342695951.0,262.0,142124.0,211.9,147.0,142761.0,212.8,50336130.0,45894237.0
2021-11-10,United Kingdom,39329,9406001,986.0,588020.0,8910.0,1008.0,1027177.0,343761954.0,214.0,142338.0,212.2,149.0,142910.0,213.0,50455318.0,45942003.0
2021-11-11,United Kingdom,42408,9448402,960.0,588980.0,8757.0,999.0,984488.0,344837715.0,195.0,142533.0,212.5,143.0,143053.0,213.3,50491701.0,45964488.0
2021-11-12,United Kingdom,40375,9487302,893.0,589873.0,8665.0,989.0,833516.0,345717797.0,145.0,142678.0,212.7,147.0,143200.0,213.5,50526039.0,45986536.0
2021-11-13,United Kingdom,38351,9524971,774.0,590647.0,8528.0,974.0,668169.0,346417185.0,157.0,142835.0,212.9,136.0,143336.0,213.7,50559566.0,46010861.0
2021-11-14,United Kingdom,36517,9561099,808.0,591455.0,8615.0,979.0,918790.0,347364723.0,63.0,142898.0,213.0,123.0,143459.0,213.9,50582504.0,46027909.0
2021-11-15,United Kingdom,39705,9600369,839.0,592294.0,8773.0,968.0,919151.0,348362751.0,47.0,142945.0,213.1,173.0,143632.0,214.1,50614550.0,46045964.0
2021-11-16,United Kingdom,37243,9637190,901.0,593195.0,8495.0,938.0,810692.0,349236596.0,214.0,143159.0,213.4,152.0,143784.0,214.3,50645981.0,46065838.0
2021-11-17,United Kingdom,38263,9675058,860.0,594055.0,8246.0,935.0,1046634.0,350469592.0,201.0,143360.0,213.7,125.0,143909.0,214.5,50679073.0,46087958.0
2021-11-18,United Kingdom,46807,9721916,842.0,594897.0,8147.0,923.0,995933.0,351529646.0,199.0,143559.0,214.0,135.0,144044.0,214.7,50707953.0,46108608.0
2021-11-19,United Kingdom,44242,9766153,771.0,595668.0,8095.0,911.0,869083.0,352445959.0,157.0,143716.0,214.2,122.0,144166.0,214.9,50735037.0,46130215.0
2021-11-20,United Kingdom,40941,9806034,731.0,596399.0,7974.0,908.0,722095.0,353196770.0,150.0,143866.0,214.5,129.0,144295.0,215.1,50761050.0,46154408.0
2021-11-21,United Kingdom,40004,9845492,754.0,597153.0,8069.0,913.0,1013394.0,354308340.0,61.0,143927.0,214.6,102.0,144397.0,215.3,50777474.0,46168300.0
2021-11-22,United Kingdom,44917,9889926,742.0,597895.0,8163.0,928.0,981973.0,355369515.0,45.0,143972.0,214.6,117.0,144514.0,215.4,50800732.0,46186817.0
2021-11-23,United Kingdom,42484,9932408,778.0,598673.0,7948.0,919.0,913398.0,356406029.0,165.0,144137.0,214.9,143.0,144657.0,215.6,50827554.0,46208819.0
2021-11-24,United Kingdom,43676,9974843,912.0,599585.0,7700.0,928.0,1086438.0,357537501.0,149.0,144286.0,215.1,114.0,144771.0,215.8,50852133.0,46232258.0
2021-11-25,United Kingdom,47240,10021497,779.0,600364.0,7691.0,925.0,1052165.0,358682719.0,147.0,144433.0,215.3,134.0,144905.0,216.0,50875712.0,46255081.0
2021-11-26,United Kingdom,50091,10070841,728.0,601092.0,7591.0,925.0,888579.0,359617774.0,160.0,144593.0,215.5,132.0,145037.0,216.2,50896026.0,46278746.0
2021-11-27,United Kingdom,39567,10110408,715.0,601807.0,7436.0,911.0,727480.0,360375873.0,131.0,144724.0,215.7,105.0,145142.0,216.4,50919834.0,46311612.0
2021-11-28,United Kingdom,37681,10146915,711.0,602518.0,7466.0,919.0,1019714.0,361428446.0,51.0,144775.0,215.8,116.0,145258.0,216.5,50941327.0,46341057.0
2021-11-29,United Kingdom,42583,10189059,806.0,603324.0,7695.0,916.0,1020457.0,362531048.0,35.0,144810.0,215.9,121.0,145379.0,216.7,50963718.0,46367149.0
2021-11-30,United Kingdom,39716,10228772,831.0,604155.0,7703.0,931.0,1003928.0,363637864.0,159.0,144969.0,216.1,93.0,145472.0,216.9,50994257.0,46399306.0
2021-12-01,United Kingdom,48374,10276007,821.0,604976.0,7375.0,895.0,1189434.0,364875273.0,171.0,145140.0,216.4,123.0,145595.0,217.0,51020285.0,46431662.0
2021-12-02,United Kingdom,53945,10329074,839.0,605815.0,7447.0,895.0,1132257.0,366108215.0,141.0,145281.0,216.6,106.0,145701.0,217.2,51046133.0,46462638.0
2021-12-03,United Kingdom,50584,10379647,732.0,606547.0,7356.0,900.0,1056814.0,367215608.0,143.0,145424.0,216.8,128.0,145829.0,217.4,51069397.0,46492449.0
2021-12-04,United Kingdom,42848,10421104,742.0,607289.0,7209.0,895.0,874036.0,368154460.0,127.0,145551.0,217.0,145.0,145974.0,217.6,51096311.0,46530247.0
2021-12-05,United Kingdom,43992,10464389,839.0,608128.0,7311.0,882.0,1139812.0,369333562.0,54.0,145605.0,217.1,111.0,146085.0,217.8,51118266.0,46557413.0
2021-12-06,United Kingdom,51459,10515239,866.0,608994.0,7418.0,901.0,1123152.0,370541215.0,41.0,145646.0,217.1,135.0,146220.0,218.0,51138245.0,46582425.0
2021-12-07,United Kingdom,45691,10560341,939.0,609933.0,7402.0,880.0,1054419.0,371694121.0,180.0,145826.0,217.4,120.0,146340.0,218.2,51161757.0,46610800.0
2021-12-08,United Kingdom,51342,10610958,881.0,610814.0,7420.0,890.0,1281418.0,373037852.0,161.0,145987.0,217.6,107.0,146447.0,218.3,51183457.0,46640237.0
2021-12-09,United Kingdom,50867,10660981,950.0,611764.0,7488.0,900.0,1330313.0,374468898.0,148.0,146135.0,217.8,121.0,146568.0,218.5,51207496.0,46674061.0
2021-12-10,United Kingdom,58194,10719165,818.0,612582.0,7440.0,901.0,1202624.0,375728407.0,120.0,146255.0,218.0,102.0,146670.0,218.6,51229559.0,46706023.0
2021-12-11,United Kingdom,54073,10771444,785.0,613367.0,7405.0,883.0,1013335.0,376784859.0,132.0,146387.0,218.2,94.0,146764.0,218.8,51255850.0,46745007.0
2021-12-12,United Kingdom,48854,10819515,862.0,614229.0,7527.0,893.0,1259725.0,378044610.0,52.0,146439.0,218.3,119.0,146883.0,219.0,51279167.0,46775202.0
2021-12-13,United Kingdom,54661,10873468,915.0,615144.0,7743.0,900.0,1315284.0,379450849.0,38.0,146477.0,218.4,99.0,146982.0,219.1,51298838.0,46804609.0
2021-12-14,United Kingdom,59610,10932545,945.0,616089.0,7740.0,896.0,1323312.0,380861666.0,150.0,146627.0,218.6,128.0,147110.0,219.3,51332920.0,46842497.0
2021-12-15,United Kingdom,78610,11010286,941.0,617030.0,7661.0,888.0,1639872.0,382575086.0,165.0,146791.0,218.8,109.0,147219.0,219.5,51360987.0,46881291.0
2021-12-16,United Kingdom,88376,11097851,913.0,617943.0,7676.0,875.0,1600491.0,384287490.0,146.0,146937.0,219.0,104.0,147323.0,219.6,51393664.0,46923788.0
2021-12-17,United Kingdom,93045,11190354,874.0,618817.0,7551.0,879.0,1579549.0,385940505.0,111.0,147048.0,219.2,126.0,147449.0,219.8,51426554.0,46966074.0
2021-12-18,United Kingdom,90418,11279428,828.0,619645.0,7483.0,855.0,1407138.0,387404561.0,125.0,147173.0,219.4,107.0,147556.0,220.0,51464883.0,47011972.0
2021-12-19,United Kingdom,82886,11361387,1016.0,620661.0,7638.0,858.0,1468920.0,388970198.0,45.0,147218.0,219.5,98.0,147654.0,220.1,51498034.0,47051876.0
2021-12-20,United Kingdom,91743,11453121,1205.0,621866.0,7880.0,859.0,1494182.0,390544657.0,44.0,147261.0,219.5,121.0,147775.0,220.3,51537827.0,47102814.0
2021-12-21,United Kingdom,90629,11542143,1240.0,623106.0,8091.0,849.0,1492289.0,392136238.0,172.0,147433.0,219.8,95.0,147870.0,220.4,51577782.0,47156899.0
2021-12-22,United Kingdom,109655,11647473,1400.0,624506.0,8309.0,842.0,1652222.0,393865463.0,140.0,147573.0,220.0,121.0,147991.0,220.6,51617091.0,47210053.0
2021-12-23,United Kingdom,119789,11769921,1393.0,625899.0,8344.0,840.0,1626714.0,395621307.0,147.0,147720.0,220.2,124.0,148115.0,220.8,51649696.0,47254099.0
2021-12-24,United Kingdom,122186,11891292,1174.0,627073.0,8563.0,835.0,1615895.0,397306041.0,137.0,147857.0,220.4,124.0,148239.0,221.0,51660466.0,47268067.0
2021-12-25,United Kingdom,121880,12013153,1401.0,628474.0,8370.0,838.0,1197601.0,398552941.0,10.0,147867.0,220.4,99.0,148338.0,221.1,51661421.0,47268984.0
2021-12-26,United Kingdom,119923,12132098,1529.0,630003.0,8784.0,851.0,1278070.0,399915184.0,3.0,147870.0,220.4,113.0,148451.0,221.3,51663356.0,47271068.0
2021-12-27,United Kingdom,109077,12239797,1945.0,631948.0,9803.0,870.0,1280450.0,401267798.0,143.0,148013.0,220.6,133.0,148584.0,221.5,51681547.0,47294774.0
2021-12-28,United Kingdom,138831,12377822,2288.0,634236.0,10960.0,851.0,1476673.0,402809265.0,19.0,148032.0,220.7,154.0,148738.0,221.7,51705406.0,47324308.0
2021-12-29,United Kingdom,183037,12559926,2604.0,636840.0,12007.0,868.0,1501515.0,404382130.0,57.0,148089.0,220.8,119.0,148857.0,221.9,51738013.0,47368074.0
2021-12-30,United Kingdom,189213,12748050,2366.0,639206.0,13194.0,875.0,1510562.0,406012402.0,332.0,148421.0,221.3,178.0,149035.0,222.2,51771384.0,47412181.0
2021-12-31,United Kingdom,189846,12937886,2068.0,641274.0,14219.0,883.0,1671235.0,407763386.0,203.0,148624.0,221.6,156.0,149191.0,222.4,51786768.0,47434251.0
2022-01-01,United Kingdom,179637,13117469,2052.0,643326.0,14546.0,857.0,1030235.0,408860450.0,162.0,148786.0,221.8,171.0,149362.0,222.7,51789045.0,47437009.0
2022-01-02,United Kingdom,151663,13266431,2101.0,645427.0,15180.0,864.0,1373327.0,410417603.0,73.0,148859.0,221.9,160.0,149522.0,222.9,51801494.0,47453494.0
2022-01-03,United Kingdom,157758,13422815,2449.0,647876.0,16368.0,878.0,1704099.0,412195022.0,42.0,148901.0,222.0,167.0,149689.0,223.1,51820652.0,47482789.0
2022-01-04,United Kingdom,218724,13641520,2367.0,650243.0,17361.0,900.0,2052637.0,414403831.0,49.0,148950.0,222.0,202.0,149891.0,223.4,51845518.0,47523676.0
2022-01-05,United Kingdom,194747,13835334,2384.0,652627.0,18084.0,875.0,2034074.0,416613079.0,334.0,149284.0,222.5,198.0,150089.0,223.7,51874548.0,47565340.0
2022-01-06,United Kingdom,179756,14015065,2299.0,654926.0,18548.0,868.0,1823412.0,418708539.0,231.0,149515.0,222.9,231.0,150320.0,224.1,51897289.0,47600028.0
2022-01-07,United Kingdom,178250,14193228,1983.0,656909.0,18719.0,840.0,1608540.0,420501094.0,229.0,149744.0,223.2,217.0,150537.0,224.4,51920711.0,47635655.0
2022-01-08,United Kingdom,146390,14333794,2055.0,658964.0,18642.0,820.0,1328379.0,421905062.0,313.0,150057.0,223.7,214.0,150751.0,224.7,51952400.0,47687370.0
2022-01-09,United Kingdom,141472,14475192,2187.0,661151.0,19079.0,816.0,1658245.0,423634719.0,97.0,150154.0,223.8,221.0,150972.0,225.1,51974605.0,47718730.0
2022-01-10,United Kingdom,142224,14617314,2423.0,663574.0,19876.0,821.0,1620805.0,425464553.0,77.0,150230.0,224.0,221.0,151193.0,225.4,51992559.0,47745458.0
2022-01-11,United Kingdom,120821,14732594,,,19766.0,793.0,1415624.0,427003891.0,379.0,150609.0,224.5,197.0,151390.0,225.7,52011835.0,47774248.0
2022-01-12,United Kingdom,129587,14862138,,,19729.0,785.0,1581359.0,428682395.0,398.0,151007.0,225.1,165.0,151555.0,225.9,52031355.0,47804588.0
2022-01-13,United Kingdom,109133,14967817,,,19539.0,777.0,1417236.0,430233640.0,335.0,151342.0,225.6,56.0,151611.0,226.0,52051876.0,47836785.0
2022-01-14,United Kingdom,99652,15066395,,,,,,,270.0,151612.0,226.0,,,,52051876.0,47836785.0
